picture_name,Year,Month,Day,Time,Size
syd_2024-10-21_23_58_03.jpg,2024,10,21,23:58:03,large
syd_2024-10-21_23_50_03_extra.jpg,2024,10,21,23:50:03,large
syd_2024-10-21_23_40_03_extra.jpg,2024,10,21,23:40:03,large
syd_2024-10-21_23_30_03.jpg,2024,10,21,23:30:03,large
syd_2024-10-21_23_20_03_extra.jpg,2024,10,21,23:20:03,large
syd_2024-10-21_23_10_03_extra.jpg,2024,10,21,23:10:03,large
syd_2024-10-21_23_00_04.jpg,2024,10,21,23:00:04,large
syd_2024-10-21_22_50_03_extra.jpg,2024,10,21,22:50:03,large
syd_2024-10-21_22_40_03_extra.jpg,2024,10,21,22:40:03,large
syd_2024-10-21_22_30_03.jpg,2024,10,21,22:30:03,large
syd_2024-10-21_22_20_03_extra.jpg,2024,10,21,22:20:03,large
syd_2024-10-21_22_10_04_extra.jpg,2024,10,21,22:10:04,large
syd_2024-10-21_22_00_03.jpg,2024,10,21,22:00:03,large
syd_2024-10-21_21_50_03_extra.jpg,2024,10,21,21:50:03,large
syd_2024-10-21_21_40_03_extra.jpg,2024,10,21,21:40:03,large
syd_2024-10-21_21_30_03.jpg,2024,10,21,21:30:03,large
syd_2024-10-21_21_20_03_extra.jpg,2024,10,21,21:20:03,large
syd_2024-10-21_21_10_03_extra.jpg,2024,10,21,21:10:03,large
syd_2024-10-21_21_00_02.jpg,2024,10,21,21:00:02,large
syd_2024-10-18_23_58_04.jpg,2024,10,18,23:58:04,large
syd_2024-10-18_23_50_03_extra.jpg,2024,10,18,23:50:03,large
syd_2024-10-18_23_40_03_extra.jpg,2024,10,18,23:40:03,large
syd_2024-10-18_23_30_03.jpg,2024,10,18,23:30:03,large
syd_2024-10-18_23_20_03_extra.jpg,2024,10,18,23:20:03,large
syd_2024-10-18_23_10_03_extra.jpg,2024,10,18,23:10:03,large
syd_2024-10-18_23_00_03.jpg,2024,10,18,23:00:03,large
syd_2024-10-18_22_50_03_extra.jpg,2024,10,18,22:50:03,large
syd_2024-10-18_22_40_03_extra.jpg,2024,10,18,22:40:03,large
syd_2024-10-18_22_30_03.jpg,2024,10,18,22:30:03,large
syd_2024-10-18_22_20_03_extra.jpg,2024,10,18,22:20:03,large
syd_2024-10-18_22_10_03_extra.jpg,2024,10,18,22:10:03,large
syd_2024-10-18_22_00_03.jpg,2024,10,18,22:00:03,large
syd_2024-10-18_21_50_04_extra.jpg,2024,10,18,21:50:04,large
syd_2024-10-18_21_40_03_extra.jpg,2024,10,18,21:40:03,large
syd_2024-10-18_21_30_03.jpg,2024,10,18,21:30:03,large
syd_2024-10-18_21_20_03_extra.jpg,2024,10,18,21:20:03,large
syd_2024-10-18_21_10_03_extra.jpg,2024,10,18,21:10:03,large
syd_2024-10-18_21_00_03.jpg,2024,10,18,21:00:03,large
syd_2024-10-16_23_58_03.jpg,2024,10,16,23:58:03,large
syd_2024-10-16_23_50_03_extra.jpg,2024,10,16,23:50:03,large
syd_2024-10-16_23_40_03_extra.jpg,2024,10,16,23:40:03,large
syd_2024-10-16_23_30_03.jpg,2024,10,16,23:30:03,large
syd_2024-10-16_23_20_03_extra.jpg,2024,10,16,23:20:03,large
syd_2024-10-16_23_10_03_extra.jpg,2024,10,16,23:10:03,large
syd_2024-10-16_23_00_03.jpg,2024,10,16,23:00:03,large
syd_2024-10-16_22_50_03_extra.jpg,2024,10,16,22:50:03,large
syd_2024-10-16_22_40_03_extra.jpg,2024,10,16,22:40:03,large
syd_2024-10-16_22_30_03.jpg,2024,10,16,22:30:03,large
syd_2024-10-16_22_20_03_extra.jpg,2024,10,16,22:20:03,large
syd_2024-10-16_22_10_03_extra.jpg,2024,10,16,22:10:03,large
syd_2024-10-16_22_00_03.jpg,2024,10,16,22:00:03,large
syd_2024-10-16_21_50_03_extra.jpg,2024,10,16,21:50:03,large
syd_2024-10-16_21_40_03_extra.jpg,2024,10,16,21:40:03,large
syd_2024-10-16_21_30_03.jpg,2024,10,16,21:30:03,large
syd_2024-10-16_21_20_03_extra.jpg,2024,10,16,21:20:03,large
syd_2024-10-16_21_10_03_extra.jpg,2024,10,16,21:10:03,large
syd_2024-10-16_21_00_03.jpg,2024,10,16,21:00:03,large
syd_2024-10-14_23_58_03.jpg,2024,10,14,23:58:03,large
syd_2024-10-14_23_50_03_extra.jpg,2024,10,14,23:50:03,large
syd_2024-10-14_23_40_03_extra.jpg,2024,10,14,23:40:03,large
syd_2024-10-14_23_30_03.jpg,2024,10,14,23:30:03,large
syd_2024-10-14_23_20_03_extra.jpg,2024,10,14,23:20:03,large
syd_2024-10-14_23_10_03_extra.jpg,2024,10,14,23:10:03,large
syd_2024-10-14_23_00_03.jpg,2024,10,14,23:00:03,large
syd_2024-10-14_22_50_03_extra.jpg,2024,10,14,22:50:03,large
syd_2024-10-14_22_40_03_extra.jpg,2024,10,14,22:40:03,large
syd_2024-10-14_22_30_03.jpg,2024,10,14,22:30:03,large
syd_2024-10-14_22_20_03_extra.jpg,2024,10,14,22:20:03,large
syd_2024-10-14_22_10_03_extra.jpg,2024,10,14,22:10:03,large
syd_2024-10-14_22_00_03.jpg,2024,10,14,22:00:03,large
syd_2024-10-14_21_50_03_extra.jpg,2024,10,14,21:50:03,large
syd_2024-10-14_21_40_03_extra.jpg,2024,10,14,21:40:03,large
syd_2024-10-14_21_30_03.jpg,2024,10,14,21:30:03,large
syd_2024-10-14_21_20_03_extra.jpg,2024,10,14,21:20:03,large
syd_2024-10-14_21_10_03_extra.jpg,2024,10,14,21:10:03,large
syd_2024-10-14_21_00_03.jpg,2024,10,14,21:00:03,large
syd_2024-10-11_23_58_03.jpg,2024,10,11,23:58:03,large
syd_2024-10-11_23_50_03_extra.jpg,2024,10,11,23:50:03,large
syd_2024-10-11_23_40_03_extra.jpg,2024,10,11,23:40:03,large
syd_2024-10-11_23_30_03.jpg,2024,10,11,23:30:03,large
syd_2024-10-11_23_20_03_extra.jpg,2024,10,11,23:20:03,large
syd_2024-10-11_23_10_03_extra.jpg,2024,10,11,23:10:03,large
syd_2024-10-11_23_00_03.jpg,2024,10,11,23:00:03,large
syd_2024-10-11_22_50_03_extra.jpg,2024,10,11,22:50:03,large
syd_2024-10-11_22_40_03_extra.jpg,2024,10,11,22:40:03,large
syd_2024-10-11_22_30_03.jpg,2024,10,11,22:30:03,large
syd_2024-10-11_22_20_03_extra.jpg,2024,10,11,22:20:03,large
syd_2024-10-11_22_10_03_extra.jpg,2024,10,11,22:10:03,large
syd_2024-10-11_22_00_03.jpg,2024,10,11,22:00:03,large
syd_2024-10-11_21_50_03_extra.jpg,2024,10,11,21:50:03,large
syd_2024-10-11_21_40_03_extra.jpg,2024,10,11,21:40:03,large
syd_2024-10-11_21_30_04.jpg,2024,10,11,21:30:04,large
syd_2024-10-11_21_20_03_extra.jpg,2024,10,11,21:20:03,large
syd_2024-10-11_21_10_03_extra.jpg,2024,10,11,21:10:03,large
syd_2024-10-11_21_00_03.jpg,2024,10,11,21:00:03,large
syd_2024-10-09_23_58_03.jpg,2024,10,9,23:58:03,large
syd_2024-10-09_23_50_03_extra.jpg,2024,10,9,23:50:03,large
syd_2024-10-09_23_40_03_extra.jpg,2024,10,9,23:40:03,large
syd_2024-10-09_23_30_03.jpg,2024,10,9,23:30:03,large
syd_2024-10-09_23_20_03_extra.jpg,2024,10,9,23:20:03,large
syd_2024-10-09_23_10_03_extra.jpg,2024,10,9,23:10:03,large
syd_2024-10-09_23_00_03.jpg,2024,10,9,23:00:03,large
syd_2024-10-09_22_50_03_extra.jpg,2024,10,9,22:50:03,large
syd_2024-10-09_22_40_03_extra.jpg,2024,10,9,22:40:03,large
syd_2024-10-09_22_30_03.jpg,2024,10,9,22:30:03,large
syd_2024-10-09_22_20_03_extra.jpg,2024,10,9,22:20:03,large
syd_2024-10-09_22_10_03_extra.jpg,2024,10,9,22:10:03,large
syd_2024-10-09_22_00_03.jpg,2024,10,9,22:00:03,large
syd_2024-10-09_21_50_03_extra.jpg,2024,10,9,21:50:03,large
syd_2024-10-09_21_40_03_extra.jpg,2024,10,9,21:40:03,large
syd_2024-10-09_21_30_03.jpg,2024,10,9,21:30:03,large
syd_2024-10-09_21_20_03_extra.jpg,2024,10,9,21:20:03,large
syd_2024-10-09_21_10_03_extra.jpg,2024,10,9,21:10:03,large
syd_2024-10-09_21_00_04.jpg,2024,10,9,21:00:04,large
syd_2024-10-07_23_58_03.jpg,2024,10,7,23:58:03,large
syd_2024-10-07_23_50_03_extra.jpg,2024,10,7,23:50:03,large
syd_2024-10-07_23_40_03_extra.jpg,2024,10,7,23:40:03,large
syd_2024-10-07_23_30_03.jpg,2024,10,7,23:30:03,large
syd_2024-10-07_23_20_03_extra.jpg,2024,10,7,23:20:03,large
syd_2024-10-07_23_10_03_extra.jpg,2024,10,7,23:10:03,large
syd_2024-10-07_23_00_03.jpg,2024,10,7,23:00:03,large
syd_2024-10-07_22_50_04_extra.jpg,2024,10,7,22:50:04,large
syd_2024-10-07_22_40_03_extra.jpg,2024,10,7,22:40:03,large
syd_2024-10-07_22_30_03.jpg,2024,10,7,22:30:03,large
syd_2024-10-07_22_20_03_extra.jpg,2024,10,7,22:20:03,large
syd_2024-10-07_22_10_03_extra.jpg,2024,10,7,22:10:03,large
syd_2024-10-07_22_00_03.jpg,2024,10,7,22:00:03,large
syd_2024-10-07_21_50_03_extra.jpg,2024,10,7,21:50:03,large
syd_2024-10-07_21_40_03_extra.jpg,2024,10,7,21:40:03,large
syd_2024-10-07_21_30_03.jpg,2024,10,7,21:30:03,large
syd_2024-10-07_21_20_04_extra.jpg,2024,10,7,21:20:04,large
syd_2024-10-07_21_10_03_extra.jpg,2024,10,7,21:10:03,large
syd_2024-10-07_21_00_03.jpg,2024,10,7,21:00:03,large
syd_2024-10-04_23_58_04.jpg,2024,10,4,23:58:04,large
syd_2024-10-04_23_50_03_extra.jpg,2024,10,4,23:50:03,large
syd_2024-10-04_23_40_03_extra.jpg,2024,10,4,23:40:03,large
syd_2024-10-04_23_30_03.jpg,2024,10,4,23:30:03,large
syd_2024-10-04_23_20_04_extra.jpg,2024,10,4,23:20:04,large
syd_2024-10-04_23_10_03_extra.jpg,2024,10,4,23:10:03,large
syd_2024-10-04_23_00_04.jpg,2024,10,4,23:00:04,large
syd_2024-10-04_22_50_03_extra.jpg,2024,10,4,22:50:03,large
syd_2024-10-04_22_40_03_extra.jpg,2024,10,4,22:40:03,large
syd_2024-10-04_22_30_03.jpg,2024,10,4,22:30:03,large
syd_2024-10-04_22_20_03_extra.jpg,2024,10,4,22:20:03,large
syd_2024-10-04_22_10_03_extra.jpg,2024,10,4,22:10:03,large
syd_2024-10-04_22_00_03.jpg,2024,10,4,22:00:03,large
syd_2024-10-04_21_50_03_extra.jpg,2024,10,4,21:50:03,large
syd_2024-10-04_21_40_04_extra.jpg,2024,10,4,21:40:04,large
syd_2024-10-04_21_30_03.jpg,2024,10,4,21:30:03,large
syd_2024-10-04_21_20_03_extra.jpg,2024,10,4,21:20:03,large
syd_2024-10-04_21_10_03_extra.jpg,2024,10,4,21:10:03,large
syd_2024-10-04_21_00_02.jpg,2024,10,4,21:00:02,large
car_2024-09-13_23_40_03_extra.jpg,2024,9,13,23:40:03,small
car_2024-09-11_21_00_03.jpg,2024,9,11,21:00:03,small
car_2024-09-11_21_10_03_extra.jpg,2024,9,11,21:10:03,small
car_2024-09-11_21_20_03_extra.jpg,2024,9,11,21:20:03,small
car_2024-09-11_21_30_03.jpg,2024,9,11,21:30:03,small
car_2024-09-11_21_40_03_extra.jpg,2024,9,11,21:40:03,small
car_2024-09-11_21_50_03_extra.jpg,2024,9,11,21:50:03,small
car_2024-09-11_22_00_03.jpg,2024,9,11,22:00:03,small
car_2024-09-11_22_10_03_extra.jpg,2024,9,11,22:10:03,small
car_2024-09-11_22_20_03_extra.jpg,2024,9,11,22:20:03,small
car_2024-09-11_22_30_03.jpg,2024,9,11,22:30:03,small
car_2024-09-11_22_40_03_extra.jpg,2024,9,11,22:40:03,small
car_2024-09-11_22_50_03_extra.jpg,2024,9,11,22:50:03,small
car_2024-09-11_23_00_03.jpg,2024,9,11,23:00:03,small
car_2024-09-11_23_10_03_extra.jpg,2024,9,11,23:10:03,small
car_2024-09-11_23_20_03_extra.jpg,2024,9,11,23:20:03,small
car_2024-09-11_23_30_03.jpg,2024,9,11,23:30:03,small
car_2024-09-11_23_40_03_extra.jpg,2024,9,11,23:40:03,small
car_2024-09-13_21_00_03.jpg,2024,9,13,21:00:03,small
car_2024-09-13_21_10_03_extra.jpg,2024,9,13,21:10:03,small
car_2024-09-13_21_20_03_extra.jpg,2024,9,13,21:20:03,small
car_2024-09-13_21_30_03.jpg,2024,9,13,21:30:03,small
car_2024-09-13_21_40_03_extra.jpg,2024,9,13,21:40:03,small
car_2024-09-13_21_50_03_extra.jpg,2024,9,13,21:50:03,small
car_2024-09-13_22_00_03.jpg,2024,9,13,22:00:03,small
car_2024-09-13_22_10_03_extra.jpg,2024,9,13,22:10:03,small
car_2024-09-13_22_20_03_extra.jpg,2024,9,13,22:20:03,small
car_2024-09-13_22_30_03.jpg,2024,9,13,22:30:03,small
car_2024-09-13_22_40_03_extra.jpg,2024,9,13,22:40:03,small
car_2024-09-13_22_50_03_extra.jpg,2024,9,13,22:50:03,small
car_2024-09-13_23_00_03.jpg,2024,9,13,23:00:03,small
car_2024-09-13_23_10_03_extra.jpg,2024,9,13,23:10:03,small
car_2024-09-13_23_20_03_extra.jpg,2024,9,13,23:20:03,small
car_2024-09-13_23_30_03.jpg,2024,9,13,23:30:03,small
syd_2024-09-18_23_00_03.jpg,2024,9,18,23:00:03,large
syd_2024-09-18_23_10_03_extra.jpg,2024,9,18,23:10:03,large
syd_2024-09-18_23_20_03_extra.jpg,2024,9,18,23:20:03,large
syd_2024-09-18_23_30_03.jpg,2024,9,18,23:30:03,large
syd_2024-09-18_23_40_03_extra.jpg,2024,9,18,23:40:03,large
syd_2024-09-18_23_50_03_extra.jpg,2024,9,18,23:50:03,large
syd_2024-09-18_23_58_03.jpg,2024,9,18,23:58:03,large
syd_2024-09-20_21_00_04.jpg,2024,9,20,21:00:04,large
syd_2024-09-20_21_10_03_extra.jpg,2024,9,20,21:10:03,large
syd_2024-09-20_21_20_03_extra.jpg,2024,9,20,21:20:03,large
syd_2024-09-20_21_30_03.jpg,2024,9,20,21:30:03,large
syd_2024-09-20_21_40_03_extra.jpg,2024,9,20,21:40:03,large
syd_2024-09-20_21_50_03_extra.jpg,2024,9,20,21:50:03,large
syd_2024-09-20_22_00_03.jpg,2024,9,20,22:00:03,large
syd_2024-09-20_22_10_03_extra.jpg,2024,9,20,22:10:03,large
syd_2024-09-20_22_20_03_extra.jpg,2024,9,20,22:20:03,large
syd_2024-09-20_22_30_03.jpg,2024,9,20,22:30:03,large
syd_2024-09-20_22_40_03_extra.jpg,2024,9,20,22:40:03,large
syd_2024-09-20_22_50_03_extra.jpg,2024,9,20,22:50:03,large
syd_2024-09-20_23_00_04.jpg,2024,9,20,23:00:04,large
syd_2024-09-20_23_10_03_extra.jpg,2024,9,20,23:10:03,large
syd_2024-09-20_23_20_03_extra.jpg,2024,9,20,23:20:03,large
syd_2024-09-20_23_30_03.jpg,2024,9,20,23:30:03,large
syd_2024-09-20_23_40_03_extra.jpg,2024,9,20,23:40:03,large
syd_2024-09-20_23_50_03_extra.jpg,2024,9,20,23:50:03,large
syd_2024-09-20_23_58_03.jpg,2024,9,20,23:58:03,large
syd_2024-09-23_21_00_04.jpg,2024,9,23,21:00:04,large
syd_2024-09-23_21_10_03_extra.jpg,2024,9,23,21:10:03,large
syd_2024-09-23_21_20_03_extra.jpg,2024,9,23,21:20:03,large
syd_2024-09-23_21_30_04.jpg,2024,9,23,21:30:04,large
syd_2024-09-23_21_40_03_extra.jpg,2024,9,23,21:40:03,large
syd_2024-09-23_21_50_03_extra.jpg,2024,9,23,21:50:03,large
syd_2024-09-23_22_00_04.jpg,2024,9,23,22:00:04,large
syd_2024-09-23_22_10_04_extra.jpg,2024,9,23,22:10:04,large
syd_2024-09-23_22_20_03_extra.jpg,2024,9,23,22:20:03,large
syd_2024-09-23_22_30_03.jpg,2024,9,23,22:30:03,large
syd_2024-09-23_22_40_03_extra.jpg,2024,9,23,22:40:03,large
syd_2024-09-23_22_50_03_extra.jpg,2024,9,23,22:50:03,large
syd_2024-09-23_23_00_03.jpg,2024,9,23,23:00:03,large
syd_2024-09-23_23_10_04_extra.jpg,2024,9,23,23:10:04,large
syd_2024-09-23_23_20_03_extra.jpg,2024,9,23,23:20:03,large
syd_2024-09-23_23_30_03.jpg,2024,9,23,23:30:03,large
syd_2024-09-25_22_10_03_extra.jpg,2024,9,25,22:10:03,large
syd_2024-09-25_22_20_03_extra.jpg,2024,9,25,22:20:03,large
syd_2024-09-25_22_30_03.jpg,2024,9,25,22:30:03,large
syd_2024-09-25_22_40_03_extra.jpg,2024,9,25,22:40:03,large
syd_2024-09-25_22_50_03_extra.jpg,2024,9,25,22:50:03,large
syd_2024-09-25_23_00_03.jpg,2024,9,25,23:00:03,large
syd_2024-09-25_23_10_03_extra.jpg,2024,9,25,23:10:03,large
syd_2024-09-25_23_20_03_extra.jpg,2024,9,25,23:20:03,large
syd_2024-09-25_23_30_03.jpg,2024,9,25,23:30:03,large
syd_2024-09-25_23_40_03_extra.jpg,2024,9,25,23:40:03,large
syd_2024-09-25_23_50_03_extra.jpg,2024,9,25,23:50:03,large
syd_2024-09-25_23_58_03.jpg,2024,9,25,23:58:03,large
syd_2024-09-27_21_00_03.jpg,2024,9,27,21:00:03,large
syd_2024-09-27_21_10_03_extra.jpg,2024,9,27,21:10:03,large
syd_2024-09-27_21_20_03_extra.jpg,2024,9,27,21:20:03,large
syd_2024-09-27_21_30_03.jpg,2024,9,27,21:30:03,large
syd_2024-09-27_21_40_03_extra.jpg,2024,9,27,21:40:03,large
syd_2024-09-27_21_50_03_extra.jpg,2024,9,27,21:50:03,large
syd_2024-09-27_22_00_03.jpg,2024,9,27,22:00:03,large
syd_2024-09-27_22_10_03_extra.jpg,2024,9,27,22:10:03,large
syd_2024-09-27_22_20_03_extra.jpg,2024,9,27,22:20:03,large
syd_2024-09-27_22_30_04.jpg,2024,9,27,22:30:04,large
syd_2024-09-27_22_40_04_extra.jpg,2024,9,27,22:40:04,large
syd_2024-09-27_22_50_03_extra.jpg,2024,9,27,22:50:03,large
syd_2024-09-27_23_00_03.jpg,2024,9,27,23:00:03,large
syd_2024-09-27_23_10_03_extra.jpg,2024,9,27,23:10:03,large
syd_2024-09-27_23_20_03_extra.jpg,2024,9,27,23:20:03,large
syd_2024-09-27_23_30_03.jpg,2024,9,27,23:30:03,large
syd_2024-09-27_23_40_03_extra.jpg,2024,9,27,23:40:03,large
syd_2024-09-27_23_50_03_extra.jpg,2024,9,27,23:50:03,large
syd_2024-09-27_23_58_03.jpg,2024,9,27,23:58:03,large
syd_2024-09-30_21_00_03.jpg,2024,9,30,21:00:03,large
syd_2024-09-30_21_10_03_extra.jpg,2024,9,30,21:10:03,large
syd_2024-09-30_21_20_03_extra.jpg,2024,9,30,21:20:03,large
syd_2024-09-30_21_30_03.jpg,2024,9,30,21:30:03,large
syd_2024-09-30_21_40_03_extra.jpg,2024,9,30,21:40:03,large
syd_2024-09-30_21_50_03_extra.jpg,2024,9,30,21:50:03,large
syd_2024-09-30_22_00_03.jpg,2024,9,30,22:00:03,large
syd_2024-09-30_22_10_03_extra.jpg,2024,9,30,22:10:03,large
syd_2024-09-30_22_20_03_extra.jpg,2024,9,30,22:20:03,large
syd_2024-09-30_22_30_03.jpg,2024,9,30,22:30:03,large
syd_2024-09-30_22_40_03_extra.jpg,2024,9,30,22:40:03,large
syd_2024-09-30_22_50_03_extra.jpg,2024,9,30,22:50:03,large
syd_2024-09-30_23_00_03.jpg,2024,9,30,23:00:03,large
syd_2024-09-30_23_10_03_extra.jpg,2024,9,30,23:10:03,large
syd_2024-09-30_23_20_03_extra.jpg,2024,9,30,23:20:03,large
syd_2024-09-30_23_30_03.jpg,2024,9,30,23:30:03,large
syd_2024-09-30_23_40_03_extra.jpg,2024,9,30,23:40:03,large
syd_2024-09-30_23_50_03_extra.jpg,2024,9,30,23:50:03,large
syd_2024-09-30_23_58_03.jpg,2024,9,30,23:58:03,large
syd_2024-09-23_23_40_04_extra.jpg,2024,9,23,23:40:04,large
syd_2024-09-23_23_50_03_extra.jpg,2024,9,23,23:50:03,large
syd_2024-09-23_23_58_03.jpg,2024,9,23,23:58:03,large
syd_2024-09-25_21_00_03.jpg,2024,9,25,21:00:03,large
syd_2024-09-25_21_10_03_extra.jpg,2024,9,25,21:10:03,large
syd_2024-09-25_21_20_03_extra.jpg,2024,9,25,21:20:03,large
syd_2024-09-25_21_30_03.jpg,2024,9,25,21:30:03,large
syd_2024-09-25_21_40_03_extra.jpg,2024,9,25,21:40:03,large
syd_2024-09-25_21_50_04_extra.jpg,2024,9,25,21:50:04,large
syd_2024-09-25_22_00_03.jpg,2024,9,25,22:00:03,large
syd_2024-10-02_23_58_03.jpg,2024,10,2,23:58:03,large
syd_2024-10-02_23_50_04_extra.jpg,2024,10,2,23:50:04,large
syd_2024-10-02_23_40_03_extra.jpg,2024,10,2,23:40:03,large
syd_2024-10-02_23_30_03.jpg,2024,10,2,23:30:03,large
syd_2024-10-02_23_20_03_extra.jpg,2024,10,2,23:20:03,large
syd_2024-10-02_23_10_03_extra.jpg,2024,10,2,23:10:03,large
syd_2024-10-02_23_00_03.jpg,2024,10,2,23:00:03,large
syd_2024-10-02_22_50_04_extra.jpg,2024,10,2,22:50:04,large
syd_2024-10-02_22_40_03_extra.jpg,2024,10,2,22:40:03,large
syd_2024-10-02_22_30_03.jpg,2024,10,2,22:30:03,large
syd_2024-10-02_22_20_03_extra.jpg,2024,10,2,22:20:03,large
syd_2024-10-02_22_10_03_extra.jpg,2024,10,2,22:10:03,large
syd_2024-10-02_22_00_03.jpg,2024,10,2,22:00:03,large
syd_2024-10-02_21_50_03_extra.jpg,2024,10,2,21:50:03,large
syd_2024-10-02_21_40_03_extra.jpg,2024,10,2,21:40:03,large
syd_2024-10-02_21_30_03.jpg,2024,10,2,21:30:03,large
syd_2024-10-02_21_20_03_extra.jpg,2024,10,2,21:20:03,large
syd_2024-10-02_21_10_03_extra.jpg,2024,10,2,21:10:03,large
syd_2024-10-02_21_00_03.jpg,2024,10,2,21:00:03,large
syd_2024-09-18_22_50_03_extra.jpg,2024,9,18,22:50:03,large
syd_2024-09-18_22_40_03_extra.jpg,2024,9,18,22:40:03,large
syd_2024-09-18_22_30_03.jpg,2024,9,18,22:30:03,large
syd_2024-09-18_22_20_03_extra.jpg,2024,9,18,22:20:03,large
syd_2024-09-18_22_10_03_extra.jpg,2024,9,18,22:10:03,large
syd_2024-09-18_22_00_03.jpg,2024,9,18,22:00:03,large
syd_2024-09-18_21_50_03_extra.jpg,2024,9,18,21:50:03,large
syd_2024-09-18_21_40_03_extra.jpg,2024,9,18,21:40:03,large
syd_2024-09-18_21_30_03.jpg,2024,9,18,21:30:03,large
syd_2024-09-18_21_20_03_extra.jpg,2024,9,18,21:20:03,large
syd_2024-09-18_21_10_03_extra.jpg,2024,9,18,21:10:03,large
syd_2024-09-18_21_00_03.jpg,2024,9,18,21:00:03,large
syd_2024-09-16_23_58_04.jpg,2024,9,16,23:58:04,large
syd_2024-09-16_23_50_03_extra.jpg,2024,9,16,23:50:03,large
syd_2024-09-16_23_40_03_extra.jpg,2024,9,16,23:40:03,large
syd_2024-09-16_23_30_03.jpg,2024,9,16,23:30:03,large
syd_2024-09-16_23_20_03_extra.jpg,2024,9,16,23:20:03,large
syd_2024-09-16_23_10_03_extra.jpg,2024,9,16,23:10:03,large
syd_2024-09-16_23_00_04.jpg,2024,9,16,23:00:04,large
syd_2024-09-16_22_50_03_extra.jpg,2024,9,16,22:50:03,large
syd_2024-09-16_22_40_03_extra.jpg,2024,9,16,22:40:03,large
syd_2024-09-16_22_30_03.jpg,2024,9,16,22:30:03,large
syd_2024-09-16_22_20_03_extra.jpg,2024,9,16,22:20:03,large
syd_2024-09-16_22_10_03_extra.jpg,2024,9,16,22:10:03,large
syd_2024-09-16_22_00_03.jpg,2024,9,16,22:00:03,large
syd_2024-09-16_21_50_03_extra.jpg,2024,9,16,21:50:03,large
syd_2024-09-16_21_40_03_extra.jpg,2024,9,16,21:40:03,large
syd_2024-09-16_21_30_03.jpg,2024,9,16,21:30:03,large
syd_2024-09-16_21_20_03_extra.jpg,2024,9,16,21:20:03,large
syd_2024-09-16_21_10_03_extra.jpg,2024,9,16,21:10:03,large
syd_2024-09-16_21_00_03.jpg,2024,9,16,21:00:03,large
syd_2024-09-13_23_58_03.jpg,2024,9,13,23:58:03,large
syd_2024-09-13_23_50_03_extra.jpg,2024,9,13,23:50:03,large
syd_2024-09-13_23_40_03_extra.jpg,2024,9,13,23:40:03,large
syd_2024-09-13_23_30_03.jpg,2024,9,13,23:30:03,large
syd_2024-09-13_23_20_03_extra.jpg,2024,9,13,23:20:03,large
syd_2024-09-13_23_10_03_extra.jpg,2024,9,13,23:10:03,large
syd_2024-09-13_23_00_03.jpg,2024,9,13,23:00:03,large
syd_2024-09-13_22_50_03_extra.jpg,2024,9,13,22:50:03,large
syd_2024-09-13_22_40_03_extra.jpg,2024,9,13,22:40:03,large
syd_2024-09-13_22_30_03.jpg,2024,9,13,22:30:03,large
syd_2024-09-13_22_20_03_extra.jpg,2024,9,13,22:20:03,large
syd_2024-09-13_22_10_03_extra.jpg,2024,9,13,22:10:03,large
syd_2024-09-13_22_00_03.jpg,2024,9,13,22:00:03,large
syd_2024-09-13_21_50_03_extra.jpg,2024,9,13,21:50:03,large
syd_2024-09-13_21_40_03_extra.jpg,2024,9,13,21:40:03,large
syd_2024-09-13_21_30_03.jpg,2024,9,13,21:30:03,large
syd_2024-09-13_21_20_03_extra.jpg,2024,9,13,21:20:03,large
syd_2024-09-13_21_10_03_extra.jpg,2024,9,13,21:10:03,large
syd_2024-09-13_21_00_04.jpg,2024,9,13,21:00:04,large
syd_2024-09-11_23_58_03.jpg,2024,9,11,23:58:03,large
syd_2024-09-11_23_50_03_extra.jpg,2024,9,11,23:50:03,large
syd_2024-09-11_23_40_03_extra.jpg,2024,9,11,23:40:03,large
syd_2024-09-11_23_30_04.jpg,2024,9,11,23:30:04,large
syd_2024-09-11_23_20_03_extra.jpg,2024,9,11,23:20:03,large
syd_2024-09-11_23_10_03_extra.jpg,2024,9,11,23:10:03,large
syd_2024-09-11_23_00_03.jpg,2024,9,11,23:00:03,large
syd_2024-09-11_22_50_03_extra.jpg,2024,9,11,22:50:03,large
syd_2024-09-11_22_40_03_extra.jpg,2024,9,11,22:40:03,large
syd_2024-09-11_22_30_03.jpg,2024,9,11,22:30:03,large
syd_2024-09-11_22_20_03_extra.jpg,2024,9,11,22:20:03,large
syd_2024-09-11_22_10_04_extra.jpg,2024,9,11,22:10:04,large
syd_2024-09-11_22_00_03.jpg,2024,9,11,22:00:03,large
syd_2024-09-11_21_50_03_extra.jpg,2024,9,11,21:50:03,large
syd_2024-09-11_21_40_03_extra.jpg,2024,9,11,21:40:03,large
syd_2024-09-11_21_30_03.jpg,2024,9,11,21:30:03,large
syd_2024-09-11_21_20_03_extra.jpg,2024,9,11,21:20:03,large
syd_2024-09-11_21_10_03_extra.jpg,2024,9,11,21:10:03,large
syd_2024-09-11_21_00_04.jpg,2024,9,11,21:00:04,large
syd_2024-09-06_23_58_03.jpg,2024,9,6,23:58:03,large
syd_2024-09-06_23_50_03_extra.jpg,2024,9,6,23:50:03,large
car_2024-09-06_23_50_03_extra.jpg,2024,9,6,23:50:03,small
car_2024-09-06_23_40_03_extra.jpg,2024,9,6,23:40:03,small
syd_2024-09-06_23_40_03_extra.jpg,2024,9,6,23:40:03,large
syd_2024-09-06_23_30_03.jpg,2024,9,6,23:30:03,large
car_2024-09-06_23_30_03.jpg,2024,9,6,23:30:03,small
syd_2024-09-06_23_20_03_extra.jpg,2024,9,6,23:20:03,large
car_2024-09-06_23_20_03_extra.jpg,2024,9,6,23:20:03,small
car_2024-09-06_23_10_03_extra.jpg,2024,9,6,23:10:03,small
syd_2024-09-06_23_10_03_extra.jpg,2024,9,6,23:10:03,large
car_2024-09-06_23_00_03.jpg,2024,9,6,23:00:03,small
syd_2024-09-06_23_00_03.jpg,2024,9,6,23:00:03,large
car_2024-09-06_22_50_03_extra.jpg,2024,9,6,22:50:03,small
syd_2024-09-06_22_50_03_extra.jpg,2024,9,6,22:50:03,large
car_2024-09-06_22_40_03_extra.jpg,2024,9,6,22:40:03,small
syd_2024-09-06_22_40_03_extra.jpg,2024,9,6,22:40:03,large
syd_2024-09-06_22_30_03.jpg,2024,9,6,22:30:03,large
car_2024-09-06_22_30_03.jpg,2024,9,6,22:30:03,small
car_2024-09-06_22_20_03_extra.jpg,2024,9,6,22:20:03,small
syd_2024-09-06_22_20_03_extra.jpg,2024,9,6,22:20:03,large
car_2024-09-06_22_10_04_extra.jpg,2024,9,6,22:10:04,small
syd_2024-09-06_22_10_03_extra.jpg,2024,9,6,22:10:03,large
syd_2024-09-06_22_00_03.jpg,2024,9,6,22:00:03,large
car_2024-09-06_22_00_03.jpg,2024,9,6,22:00:03,small
syd_2024-09-06_21_50_03_extra.jpg,2024,9,6,21:50:03,large
car_2024-09-06_21_50_03_extra.jpg,2024,9,6,21:50:03,small
syd_2024-09-06_21_40_03_extra.jpg,2024,9,6,21:40:03,large
car_2024-09-06_21_40_03_extra.jpg,2024,9,6,21:40:03,small
syd_2024-09-06_21_30_03.jpg,2024,9,6,21:30:03,large
car_2024-09-06_21_30_03.jpg,2024,9,6,21:30:03,small
car_2024-09-06_21_20_03_extra.jpg,2024,9,6,21:20:03,small
syd_2024-09-06_21_20_03_extra.jpg,2024,9,6,21:20:03,large
car_2024-09-06_21_10_03_extra.jpg,2024,9,6,21:10:03,small
syd_2024-09-06_21_10_03_extra.jpg,2024,9,6,21:10:03,large
syd_2024-09-06_21_00_03.jpg,2024,9,6,21:00:03,large
car_2024-09-06_21_00_03.jpg,2024,9,6,21:00:03,small
syd_2024-09-04_23_58_03.jpg,2024,9,4,23:58:03,large
car_2024-09-04_23_58_03.jpg,2024,9,4,23:58:03,small
syd_2024-09-04_23_50_03_extra.jpg,2024,9,4,23:50:03,large
car_2024-09-04_23_50_03_extra.jpg,2024,9,4,23:50:03,small
syd_2024-09-04_23_40_03_extra.jpg,2024,9,4,23:40:03,large
car_2024-09-04_23_40_03_extra.jpg,2024,9,4,23:40:03,small
car_2024-09-04_23_30_03.jpg,2024,9,4,23:30:03,small
syd_2024-09-04_23_30_03.jpg,2024,9,4,23:30:03,large
syd_2024-09-04_23_20_04_extra.jpg,2024,9,4,23:20:04,large
car_2024-09-04_23_20_03_extra.jpg,2024,9,4,23:20:03,small
car_2024-09-04_23_10_03_extra.jpg,2024,9,4,23:10:03,small
syd_2024-09-04_23_10_03_extra.jpg,2024,9,4,23:10:03,large
car_2024-09-04_23_00_03.jpg,2024,9,4,23:00:03,small
syd_2024-09-04_23_00_03.jpg,2024,9,4,23:00:03,large
car_2024-09-04_22_50_04_extra.jpg,2024,9,4,22:50:04,small
syd_2024-09-04_22_50_03_extra.jpg,2024,9,4,22:50:03,large
car_2024-09-04_22_40_03_extra.jpg,2024,9,4,22:40:03,small
syd_2024-09-04_22_40_03_extra.jpg,2024,9,4,22:40:03,large
syd_2024-09-04_22_30_03.jpg,2024,9,4,22:30:03,large
car_2024-09-04_22_30_03.jpg,2024,9,4,22:30:03,small
syd_2024-09-04_22_20_03_extra.jpg,2024,9,4,22:20:03,large
car_2024-09-04_22_20_03_extra.jpg,2024,9,4,22:20:03,small
syd_2024-09-04_22_10_03_extra.jpg,2024,9,4,22:10:03,large
car_2024-09-04_22_10_03_extra.jpg,2024,9,4,22:10:03,small
syd_2024-09-04_22_00_03.jpg,2024,9,4,22:00:03,large
car_2024-09-04_22_00_03.jpg,2024,9,4,22:00:03,small
syd_2024-09-04_21_50_03_extra.jpg,2024,9,4,21:50:03,large
car_2024-09-04_21_50_03_extra.jpg,2024,9,4,21:50:03,small
syd_2024-09-04_21_40_04_extra.jpg,2024,9,4,21:40:04,large
car_2024-09-04_21_40_03_extra.jpg,2024,9,4,21:40:03,small
car_2024-09-04_21_30_03.jpg,2024,9,4,21:30:03,small
syd_2024-09-04_21_30_03.jpg,2024,9,4,21:30:03,large
syd_2024-09-04_21_20_03_extra.jpg,2024,9,4,21:20:03,large
car_2024-09-04_21_20_03_extra.jpg,2024,9,4,21:20:03,small
car_2024-09-04_21_10_03_extra.jpg,2024,9,4,21:10:03,small
syd_2024-09-04_21_10_03_extra.jpg,2024,9,4,21:10:03,large
syd_2024-09-04_21_00_03.jpg,2024,9,4,21:00:03,large
car_2024-09-04_21_00_03.jpg,2024,9,4,21:00:03,small
car_2024-09-02_23_58_03.jpg,2024,9,2,23:58:03,small
syd_2024-09-02_23_58_03.jpg,2024,9,2,23:58:03,large
car_2024-09-02_23_50_03_extra.jpg,2024,9,2,23:50:03,small
syd_2024-09-02_23_50_03_extra.jpg,2024,9,2,23:50:03,large
car_2024-09-02_23_40_03_extra.jpg,2024,9,2,23:40:03,small
syd_2024-09-02_23_40_03_extra.jpg,2024,9,2,23:40:03,large
car_2024-09-02_23_30_03.jpg,2024,9,2,23:30:03,small
syd_2024-09-02_23_30_03.jpg,2024,9,2,23:30:03,large
car_2024-09-02_23_20_03_extra.jpg,2024,9,2,23:20:03,small
syd_2024-09-02_23_20_03_extra.jpg,2024,9,2,23:20:03,large
syd_2024-09-02_23_10_03_extra.jpg,2024,9,2,23:10:03,large
car_2024-09-02_23_10_03_extra.jpg,2024,9,2,23:10:03,small
car_2024-09-02_23_00_03.jpg,2024,9,2,23:00:03,small
syd_2024-09-02_23_00_03.jpg,2024,9,2,23:00:03,large
syd_2024-09-02_22_50_03_extra.jpg,2024,9,2,22:50:03,large
car_2024-09-02_22_50_03_extra.jpg,2024,9,2,22:50:03,small
syd_2024-09-02_22_40_03_extra.jpg,2024,9,2,22:40:03,large
car_2024-09-02_22_40_03_extra.jpg,2024,9,2,22:40:03,small
car_2024-09-02_22_30_03.jpg,2024,9,2,22:30:03,small
syd_2024-09-02_22_30_03.jpg,2024,9,2,22:30:03,large
car_2024-09-02_22_20_03_extra.jpg,2024,9,2,22:20:03,small
syd_2024-09-02_22_20_03_extra.jpg,2024,9,2,22:20:03,large
car_2024-09-02_22_10_03_extra.jpg,2024,9,2,22:10:03,small
syd_2024-09-02_22_10_03_extra.jpg,2024,9,2,22:10:03,large
car_2024-09-02_22_00_03.jpg,2024,9,2,22:00:03,small
syd_2024-09-02_22_00_03.jpg,2024,9,2,22:00:03,large
car_2024-09-02_21_50_03_extra.jpg,2024,9,2,21:50:03,small
syd_2024-09-02_21_50_03_extra.jpg,2024,9,2,21:50:03,large
car_2024-09-02_21_40_03_extra.jpg,2024,9,2,21:40:03,small
syd_2024-09-02_21_40_03_extra.jpg,2024,9,2,21:40:03,large
car_2024-09-02_21_30_03.jpg,2024,9,2,21:30:03,small
syd_2024-09-02_21_30_03.jpg,2024,9,2,21:30:03,large
syd_2024-09-02_21_20_03_extra.jpg,2024,9,2,21:20:03,large
car_2024-09-02_21_20_03_extra.jpg,2024,9,2,21:20:03,small
syd_2024-09-02_21_10_03_extra.jpg,2024,9,2,21:10:03,large
car_2024-09-02_21_10_03_extra.jpg,2024,9,2,21:10:03,small
car_2024-09-02_21_00_03.jpg,2024,9,2,21:00:03,small
syd_2024-09-02_21_00_03.jpg,2024,9,2,21:00:03,large
car_2024-08-30_23_58_03.jpg,2024,8,30,23:58:03,small
syd_2024-08-30_23_58_03.jpg,2024,8,30,23:58:03,large
car_2024-08-30_23_50_03_extra.jpg,2024,8,30,23:50:03,small
syd_2024-08-30_23_50_03_extra.jpg,2024,8,30,23:50:03,large
syd_2024-08-30_23_40_03_extra.jpg,2024,8,30,23:40:03,large
car_2024-08-30_23_40_03_extra.jpg,2024,8,30,23:40:03,small
car_2024-08-30_23_30_03.jpg,2024,8,30,23:30:03,small
syd_2024-08-30_23_30_03.jpg,2024,8,30,23:30:03,large
syd_2024-08-30_23_20_03_extra.jpg,2024,8,30,23:20:03,large
car_2024-08-30_23_20_03_extra.jpg,2024,8,30,23:20:03,small
syd_2024-08-30_23_10_03_extra.jpg,2024,8,30,23:10:03,large
car_2024-08-30_23_10_03_extra.jpg,2024,8,30,23:10:03,small
syd_2024-08-30_23_00_03.jpg,2024,8,30,23:00:03,large
car_2024-08-30_23_00_03.jpg,2024,8,30,23:00:03,small
car_2024-08-30_22_50_03_extra.jpg,2024,8,30,22:50:03,small
syd_2024-08-30_22_50_03_extra.jpg,2024,8,30,22:50:03,large
car_2024-08-30_22_40_03_extra.jpg,2024,8,30,22:40:03,small
syd_2024-08-30_22_40_03_extra.jpg,2024,8,30,22:40:03,large
syd_2024-08-30_22_30_03.jpg,2024,8,30,22:30:03,large
car_2024-08-30_22_30_03.jpg,2024,8,30,22:30:03,small
car_2024-08-30_22_20_03_extra.jpg,2024,8,30,22:20:03,small
syd_2024-08-30_22_20_03_extra.jpg,2024,8,30,22:20:03,large
car_2024-08-30_22_10_03_extra.jpg,2024,8,30,22:10:03,small
syd_2024-08-30_22_10_03_extra.jpg,2024,8,30,22:10:03,large
car_2024-08-30_22_00_03.jpg,2024,8,30,22:00:03,small
syd_2024-08-30_22_00_03.jpg,2024,8,30,22:00:03,large
car_2024-08-30_21_50_03_extra.jpg,2024,8,30,21:50:03,small
syd_2024-08-30_21_50_03_extra.jpg,2024,8,30,21:50:03,large
syd_2024-08-30_21_40_03_extra.jpg,2024,8,30,21:40:03,large
car_2024-08-30_21_40_03_extra.jpg,2024,8,30,21:40:03,small
syd_2024-08-30_21_30_03.jpg,2024,8,30,21:30:03,large
car_2024-08-30_21_30_03.jpg,2024,8,30,21:30:03,small
syd_2024-08-30_21_20_03_extra.jpg,2024,8,30,21:20:03,large
car_2024-08-30_21_20_03_extra.jpg,2024,8,30,21:20:03,small
syd_2024-08-30_21_10_03_extra.jpg,2024,8,30,21:10:03,large
car_2024-08-30_21_10_03_extra.jpg,2024,8,30,21:10:03,small
syd_2024-08-30_21_00_03.jpg,2024,8,30,21:00:03,large
car_2024-08-30_21_00_03.jpg,2024,8,30,21:00:03,small
syd_2024-08-28_23_58_03.jpg,2024,8,28,23:58:03,large
car_2024-08-28_23_58_03.jpg,2024,8,28,23:58:03,small
car_2024-08-28_23_50_03_extra.jpg,2024,8,28,23:50:03,small
syd_2024-08-28_23_50_03_extra.jpg,2024,8,28,23:50:03,large
car_2024-08-28_23_40_03_extra.jpg,2024,8,28,23:40:03,small
syd_2024-08-28_23_40_03_extra.jpg,2024,8,28,23:40:03,large
car_2024-08-28_23_30_03.jpg,2024,8,28,23:30:03,small
syd_2024-08-28_23_30_03.jpg,2024,8,28,23:30:03,large
syd_2024-08-28_23_20_04_extra.jpg,2024,8,28,23:20:04,large
car_2024-08-28_23_20_03_extra.jpg,2024,8,28,23:20:03,small
syd_2024-08-28_23_10_03_extra.jpg,2024,8,28,23:10:03,large
car_2024-08-28_23_10_03_extra.jpg,2024,8,28,23:10:03,small
car_2024-08-28_23_00_04.jpg,2024,8,28,23:00:04,small
syd_2024-08-28_23_00_03.jpg,2024,8,28,23:00:03,large
car_2024-08-28_22_50_03_extra.jpg,2024,8,28,22:50:03,small
syd_2024-08-28_22_50_03_extra.jpg,2024,8,28,22:50:03,large
car_2024-08-28_22_40_03_extra.jpg,2024,8,28,22:40:03,small
syd_2024-08-28_22_40_03_extra.jpg,2024,8,28,22:40:03,large
car_2024-08-28_22_30_03.jpg,2024,8,28,22:30:03,small
syd_2024-08-28_22_30_03.jpg,2024,8,28,22:30:03,large
car_2024-08-28_22_20_03_extra.jpg,2024,8,28,22:20:03,small
syd_2024-08-28_22_20_03_extra.jpg,2024,8,28,22:20:03,large
car_2024-08-28_22_10_03_extra.jpg,2024,8,28,22:10:03,small
syd_2024-08-28_22_10_03_extra.jpg,2024,8,28,22:10:03,large
syd_2024-08-28_22_00_03.jpg,2024,8,28,22:00:03,large
car_2024-08-28_22_00_03.jpg,2024,8,28,22:00:03,small
syd_2024-08-28_21_50_03_extra.jpg,2024,8,28,21:50:03,large
car_2024-08-28_21_50_03_extra.jpg,2024,8,28,21:50:03,small
car_2024-08-28_21_40_03_extra.jpg,2024,8,28,21:40:03,small
syd_2024-08-28_21_40_03_extra.jpg,2024,8,28,21:40:03,large
car_2024-08-28_21_30_03.jpg,2024,8,28,21:30:03,small
syd_2024-08-28_21_30_03.jpg,2024,8,28,21:30:03,large
syd_2024-08-28_21_20_04_extra.jpg,2024,8,28,21:20:04,large
car_2024-08-28_21_20_04_extra.jpg,2024,8,28,21:20:04,small
car_2024-08-28_21_10_03_extra.jpg,2024,8,28,21:10:03,small
syd_2024-08-28_21_10_03_extra.jpg,2024,8,28,21:10:03,large
syd_2024-08-28_21_00_03.jpg,2024,8,28,21:00:03,large
car_2024-08-28_21_00_03.jpg,2024,8,28,21:00:03,small
syd_2024-08-26_23_58_03.jpg,2024,8,26,23:58:03,large
car_2024-08-26_23_58_03.jpg,2024,8,26,23:58:03,small
car_2024-08-26_23_50_03_extra.jpg,2024,8,26,23:50:03,small
syd_2024-08-26_23_50_03_extra.jpg,2024,8,26,23:50:03,large
syd_2024-08-26_23_40_04_extra.jpg,2024,8,26,23:40:04,large
car_2024-08-26_23_40_03_extra.jpg,2024,8,26,23:40:03,small
car_2024-08-26_23_30_03.jpg,2024,8,26,23:30:03,small
syd_2024-08-26_23_30_03.jpg,2024,8,26,23:30:03,large
car_2024-08-26_23_20_03_extra.jpg,2024,8,26,23:20:03,small
syd_2024-08-26_23_20_03_extra.jpg,2024,8,26,23:20:03,large
car_2024-08-26_23_10_03_extra.jpg,2024,8,26,23:10:03,small
syd_2024-08-26_23_10_03_extra.jpg,2024,8,26,23:10:03,large
car_2024-08-26_23_00_03.jpg,2024,8,26,23:00:03,small
syd_2024-08-26_23_00_03.jpg,2024,8,26,23:00:03,large
syd_2024-08-26_22_50_03_extra.jpg,2024,8,26,22:50:03,large
car_2024-08-26_22_50_03_extra.jpg,2024,8,26,22:50:03,small
syd_2024-08-26_22_40_04_extra.jpg,2024,8,26,22:40:04,large
car_2024-08-26_22_40_03_extra.jpg,2024,8,26,22:40:03,small
syd_2024-08-26_22_30_03.jpg,2024,8,26,22:30:03,large
car_2024-08-26_22_30_03.jpg,2024,8,26,22:30:03,small
syd_2024-08-26_22_20_03_extra.jpg,2024,8,26,22:20:03,large
car_2024-08-26_22_20_03_extra.jpg,2024,8,26,22:20:03,small
syd_2024-08-26_22_10_03_extra.jpg,2024,8,26,22:10:03,large
car_2024-08-26_22_10_03_extra.jpg,2024,8,26,22:10:03,small
syd_2024-08-26_22_00_03.jpg,2024,8,26,22:00:03,large
car_2024-08-26_22_00_03.jpg,2024,8,26,22:00:03,small
car_2024-08-26_21_50_03_extra.jpg,2024,8,26,21:50:03,small
syd_2024-08-26_21_50_03_extra.jpg,2024,8,26,21:50:03,large
syd_2024-08-26_21_40_03_extra.jpg,2024,8,26,21:40:03,large
car_2024-08-26_21_40_03_extra.jpg,2024,8,26,21:40:03,small
car_2024-08-26_21_30_03.jpg,2024,8,26,21:30:03,small
syd_2024-08-26_21_30_03.jpg,2024,8,26,21:30:03,large
syd_2024-08-26_21_20_03_extra.jpg,2024,8,26,21:20:03,large
car_2024-08-26_21_20_03_extra.jpg,2024,8,26,21:20:03,small
syd_2024-08-26_21_10_03_extra.jpg,2024,8,26,21:10:03,large
car_2024-08-26_21_10_03_extra.jpg,2024,8,26,21:10:03,small
car_2024-08-26_21_00_04.jpg,2024,8,26,21:00:04,small
syd_2024-08-26_21_00_03.jpg,2024,8,26,21:00:03,large
car_2024-08-23_23_58_03.jpg,2024,8,23,23:58:03,small
syd_2024-08-23_23_58_03.jpg,2024,8,23,23:58:03,large
car_2024-08-23_23_50_03_extra.jpg,2024,8,23,23:50:03,small
syd_2024-08-23_23_50_03_extra.jpg,2024,8,23,23:50:03,large
syd_2024-08-23_23_40_03_extra.jpg,2024,8,23,23:40:03,large
car_2024-08-23_23_40_03_extra.jpg,2024,8,23,23:40:03,small
syd_2024-08-23_23_30_03.jpg,2024,8,23,23:30:03,large
car_2024-08-23_23_30_03.jpg,2024,8,23,23:30:03,small
car_2024-08-23_23_20_03_extra.jpg,2024,8,23,23:20:03,small
syd_2024-08-23_23_20_03_extra.jpg,2024,8,23,23:20:03,large
syd_2024-08-23_23_10_04_extra.jpg,2024,8,23,23:10:04,large
car_2024-08-23_23_10_03_extra.jpg,2024,8,23,23:10:03,small
car_2024-08-23_23_00_03.jpg,2024,8,23,23:00:03,small
syd_2024-08-23_23_00_03.jpg,2024,8,23,23:00:03,large
car_2024-08-23_22_50_03_extra.jpg,2024,8,23,22:50:03,small
syd_2024-08-23_22_50_03_extra.jpg,2024,8,23,22:50:03,large
car_2024-08-23_22_40_03_extra.jpg,2024,8,23,22:40:03,small
syd_2024-08-23_22_40_03_extra.jpg,2024,8,23,22:40:03,large
syd_2024-08-23_22_30_03.jpg,2024,8,23,22:30:03,large
car_2024-08-23_22_30_03.jpg,2024,8,23,22:30:03,small
syd_2024-08-23_22_20_03_extra.jpg,2024,8,23,22:20:03,large
car_2024-08-23_22_20_03_extra.jpg,2024,8,23,22:20:03,small
syd_2024-08-23_22_10_03_extra.jpg,2024,8,23,22:10:03,large
car_2024-08-23_22_10_03_extra.jpg,2024,8,23,22:10:03,small
car_2024-08-23_22_00_03.jpg,2024,8,23,22:00:03,small
syd_2024-08-23_22_00_03.jpg,2024,8,23,22:00:03,large
syd_2024-08-23_21_50_03_extra.jpg,2024,8,23,21:50:03,large
car_2024-08-23_21_50_03_extra.jpg,2024,8,23,21:50:03,small
car_2024-08-23_21_40_03_extra.jpg,2024,8,23,21:40:03,small
syd_2024-08-23_21_40_03_extra.jpg,2024,8,23,21:40:03,large
car_2024-08-23_21_30_04.jpg,2024,8,23,21:30:04,small
syd_2024-08-23_21_30_03.jpg,2024,8,23,21:30:03,large
syd_2024-08-23_21_20_03_extra.jpg,2024,8,23,21:20:03,large
car_2024-08-23_21_20_03_extra.jpg,2024,8,23,21:20:03,small
car_2024-08-23_21_10_03_extra.jpg,2024,8,23,21:10:03,small
syd_2024-08-23_21_10_03_extra.jpg,2024,8,23,21:10:03,large
syd_2024-08-23_21_00_04.jpg,2024,8,23,21:00:04,large
car_2024-08-23_21_00_03.jpg,2024,8,23,21:00:03,small
syd_2024-08-21_23_58_03.jpg,2024,8,21,23:58:03,large
car_2024-08-21_23_58_03.jpg,2024,8,21,23:58:03,small
syd_2024-08-21_23_50_03_extra.jpg,2024,8,21,23:50:03,large
car_2024-08-21_23_50_03_extra.jpg,2024,8,21,23:50:03,small
syd_2024-08-21_23_40_03_extra.jpg,2024,8,21,23:40:03,large
car_2024-08-21_23_40_03_extra.jpg,2024,8,21,23:40:03,small
car_2024-08-21_23_30_03.jpg,2024,8,21,23:30:03,small
syd_2024-08-21_23_30_03.jpg,2024,8,21,23:30:03,large
car_2024-08-21_23_20_03_extra.jpg,2024,8,21,23:20:03,small
syd_2024-08-21_23_20_03_extra.jpg,2024,8,21,23:20:03,large
syd_2024-08-21_23_10_03_extra.jpg,2024,8,21,23:10:03,large
car_2024-08-21_23_10_03_extra.jpg,2024,8,21,23:10:03,small
syd_2024-08-21_23_00_03.jpg,2024,8,21,23:00:03,large
car_2024-08-21_23_00_03.jpg,2024,8,21,23:00:03,small
car_2024-08-21_22_50_04_extra.jpg,2024,8,21,22:50:04,small
syd_2024-08-21_22_50_03_extra.jpg,2024,8,21,22:50:03,large
syd_2024-08-21_22_40_04_extra.jpg,2024,8,21,22:40:04,large
car_2024-08-21_22_40_03_extra.jpg,2024,8,21,22:40:03,small
syd_2024-08-21_22_30_03.jpg,2024,8,21,22:30:03,large
car_2024-08-21_22_30_03.jpg,2024,8,21,22:30:03,small
car_2024-08-21_22_20_03_extra.jpg,2024,8,21,22:20:03,small
syd_2024-08-21_22_20_03_extra.jpg,2024,8,21,22:20:03,large
syd_2024-08-21_22_10_04_extra.jpg,2024,8,21,22:10:04,large
car_2024-08-21_22_10_03_extra.jpg,2024,8,21,22:10:03,small
syd_2024-08-21_22_00_03.jpg,2024,8,21,22:00:03,large
car_2024-08-21_22_00_03.jpg,2024,8,21,22:00:03,small
syd_2024-08-21_21_50_04_extra.jpg,2024,8,21,21:50:04,large
car_2024-08-21_21_50_03_extra.jpg,2024,8,21,21:50:03,small
car_2024-08-21_21_40_03_extra.jpg,2024,8,21,21:40:03,small
syd_2024-08-21_21_40_03_extra.jpg,2024,8,21,21:40:03,large
car_2024-08-21_21_30_03.jpg,2024,8,21,21:30:03,small
syd_2024-08-21_21_30_03.jpg,2024,8,21,21:30:03,large
car_2024-08-21_21_20_03_extra.jpg,2024,8,21,21:20:03,small
syd_2024-08-21_21_20_03_extra.jpg,2024,8,21,21:20:03,large
syd_2024-08-21_21_10_03_extra.jpg,2024,8,21,21:10:03,large
car_2024-08-21_21_10_03_extra.jpg,2024,8,21,21:10:03,small
car_2024-08-21_21_00_02.jpg,2024,8,21,21:00:02,small
syd_2024-08-21_21_00_03.jpg,2024,8,21,21:00:03,large
car_2024-08-19_23_58_04.jpg,2024,8,19,23:58:04,small
syd_2024-08-19_23_58_03.jpg,2024,8,19,23:58:03,large
syd_2024-08-19_23_50_03_extra.jpg,2024,8,19,23:50:03,large
car_2024-08-19_23_50_03_extra.jpg,2024,8,19,23:50:03,small
car_2024-08-19_23_40_03_extra.jpg,2024,8,19,23:40:03,small
syd_2024-08-19_23_40_03_extra.jpg,2024,8,19,23:40:03,large
syd_2024-08-19_23_30_04.jpg,2024,8,19,23:30:04,large
car_2024-08-19_23_30_03.jpg,2024,8,19,23:30:03,small
car_2024-08-19_23_20_03_extra.jpg,2024,8,19,23:20:03,small
syd_2024-08-19_23_20_03_extra.jpg,2024,8,19,23:20:03,large
syd_2024-08-19_23_10_03_extra.jpg,2024,8,19,23:10:03,large
car_2024-08-19_23_10_03_extra.jpg,2024,8,19,23:10:03,small
car_2024-08-19_23_00_03.jpg,2024,8,19,23:00:03,small
syd_2024-08-19_23_00_03.jpg,2024,8,19,23:00:03,large
syd_2024-08-19_22_50_03_extra.jpg,2024,8,19,22:50:03,large
car_2024-08-19_22_50_03_extra.jpg,2024,8,19,22:50:03,small
syd_2024-08-19_22_40_03_extra.jpg,2024,8,19,22:40:03,large
car_2024-08-19_22_40_03_extra.jpg,2024,8,19,22:40:03,small
car_2024-08-19_22_30_04.jpg,2024,8,19,22:30:04,small
syd_2024-08-19_22_30_03.jpg,2024,8,19,22:30:03,large
car_2024-08-19_22_20_04_extra.jpg,2024,8,19,22:20:04,small
syd_2024-08-19_22_20_03_extra.jpg,2024,8,19,22:20:03,large
syd_2024-08-19_22_10_03_extra.jpg,2024,8,19,22:10:03,large
car_2024-08-19_22_10_03_extra.jpg,2024,8,19,22:10:03,small
car_2024-08-19_22_00_03.jpg,2024,8,19,22:00:03,small
syd_2024-08-19_22_00_03.jpg,2024,8,19,22:00:03,large
syd_2024-08-19_21_50_03_extra.jpg,2024,8,19,21:50:03,large
car_2024-08-19_21_50_03_extra.jpg,2024,8,19,21:50:03,small
car_2024-08-19_21_40_03_extra.jpg,2024,8,19,21:40:03,small
syd_2024-08-19_21_40_03_extra.jpg,2024,8,19,21:40:03,large
syd_2024-08-19_21_30_03.jpg,2024,8,19,21:30:03,large
car_2024-08-19_21_30_03.jpg,2024,8,19,21:30:03,small
car_2024-08-19_21_20_03_extra.jpg,2024,8,19,21:20:03,small
syd_2024-08-19_21_20_03_extra.jpg,2024,8,19,21:20:03,large
car_2024-08-19_21_10_03_extra.jpg,2024,8,19,21:10:03,small
syd_2024-08-19_21_10_03_extra.jpg,2024,8,19,21:10:03,large
syd_2024-08-19_21_00_03.jpg,2024,8,19,21:00:03,large
car_2024-08-19_21_00_03.jpg,2024,8,19,21:00:03,small
car_2024-08-16_23_58_03.jpg,2024,8,16,23:58:03,small
syd_2024-08-16_23_58_03.jpg,2024,8,16,23:58:03,large
syd_2024-08-16_23_50_03_extra.jpg,2024,8,16,23:50:03,large
car_2024-08-16_23_50_03_extra.jpg,2024,8,16,23:50:03,small
car_2024-08-16_23_40_03_extra.jpg,2024,8,16,23:40:03,small
syd_2024-08-16_23_40_03_extra.jpg,2024,8,16,23:40:03,large
syd_2024-08-16_23_30_03.jpg,2024,8,16,23:30:03,large
car_2024-08-16_23_30_03.jpg,2024,8,16,23:30:03,small
car_2024-08-16_23_20_03_extra.jpg,2024,8,16,23:20:03,small
syd_2024-08-16_23_20_03_extra.jpg,2024,8,16,23:20:03,large
syd_2024-08-16_23_10_04_extra.jpg,2024,8,16,23:10:04,large
car_2024-08-16_23_10_03_extra.jpg,2024,8,16,23:10:03,small
car_2024-08-16_23_00_03.jpg,2024,8,16,23:00:03,small
syd_2024-08-16_23_00_03.jpg,2024,8,16,23:00:03,large
car_2024-08-16_22_50_03_extra.jpg,2024,8,16,22:50:03,small
syd_2024-08-16_22_50_03_extra.jpg,2024,8,16,22:50:03,large
syd_2024-08-16_22_40_03_extra.jpg,2024,8,16,22:40:03,large
car_2024-08-16_22_40_03_extra.jpg,2024,8,16,22:40:03,small
car_2024-08-16_22_30_03.jpg,2024,8,16,22:30:03,small
syd_2024-08-16_22_30_03.jpg,2024,8,16,22:30:03,large
car_2024-08-16_22_20_03_extra.jpg,2024,8,16,22:20:03,small
syd_2024-08-16_22_20_03_extra.jpg,2024,8,16,22:20:03,large
syd_2024-08-16_22_10_03_extra.jpg,2024,8,16,22:10:03,large
car_2024-08-16_22_10_03_extra.jpg,2024,8,16,22:10:03,small
car_2024-08-16_22_00_03.jpg,2024,8,16,22:00:03,small
syd_2024-08-16_22_00_03.jpg,2024,8,16,22:00:03,large
car_2024-08-16_21_50_04_extra.jpg,2024,8,16,21:50:04,small
syd_2024-08-16_21_50_03_extra.jpg,2024,8,16,21:50:03,large
syd_2024-08-16_21_40_03_extra.jpg,2024,8,16,21:40:03,large
car_2024-08-16_21_40_03_extra.jpg,2024,8,16,21:40:03,small
syd_2024-08-16_21_30_03.jpg,2024,8,16,21:30:03,large
car_2024-08-16_21_30_03.jpg,2024,8,16,21:30:03,small
syd_2024-08-16_21_20_03_extra.jpg,2024,8,16,21:20:03,large
car_2024-08-16_21_20_03_extra.jpg,2024,8,16,21:20:03,small
car_2024-08-16_21_10_03_extra.jpg,2024,8,16,21:10:03,small
syd_2024-08-16_21_10_03_extra.jpg,2024,8,16,21:10:03,large
syd_2024-08-16_21_00_03.jpg,2024,8,16,21:00:03,large
car_2024-08-16_21_00_03.jpg,2024,8,16,21:00:03,small
syd_2024-08-16_14_07_47.jpg,2024,8,16,14:07:47,large
car_2024-08-14_23_58_03.jpg,2024,8,14,23:58:03,small
car_2024-08-14_23_50_03_extra.jpg,2024,8,14,23:50:03,small
car_2024-08-14_23_40_03_extra.jpg,2024,8,14,23:40:03,small
car_2024-08-14_23_30_03.jpg,2024,8,14,23:30:03,small
car_2024-08-14_23_20_03_extra.jpg,2024,8,14,23:20:03,small
car_2024-08-14_23_10_03_extra.jpg,2024,8,14,23:10:03,small
car_2024-08-14_23_00_04.jpg,2024,8,14,23:00:04,small
car_2024-08-14_22_50_03_extra.jpg,2024,8,14,22:50:03,small
car_2024-08-14_22_40_03_extra.jpg,2024,8,14,22:40:03,small
car_2024-08-14_22_30_03.jpg,2024,8,14,22:30:03,small
car_2024-08-14_22_20_03_extra.jpg,2024,8,14,22:20:03,small
car_2024-08-14_22_10_03_extra.jpg,2024,8,14,22:10:03,small
car_2024-08-14_22_00_03.jpg,2024,8,14,22:00:03,small
car_2024-08-14_21_50_03_extra.jpg,2024,8,14,21:50:03,small
car_2024-08-14_21_40_03_extra.jpg,2024,8,14,21:40:03,small
car_2024-08-14_21_30_03.jpg,2024,8,14,21:30:03,small
car_2024-08-14_21_20_03_extra.jpg,2024,8,14,21:20:03,small
car_2024-08-14_21_10_03_extra.jpg,2024,8,14,21:10:03,small
car_2024-08-14_21_00_03.jpg,2024,8,14,21:00:03,small
car_2024-08-12_23_58_03.jpg,2024,8,12,23:58:03,small
car_2024-08-12_23_50_03_extra.jpg,2024,8,12,23:50:03,small
car_2024-08-12_23_40_03_extra.jpg,2024,8,12,23:40:03,small
car_2024-08-12_23_30_03.jpg,2024,8,12,23:30:03,small
car_2024-08-12_23_20_03_extra.jpg,2024,8,12,23:20:03,small
car_2024-08-12_23_10_03_extra.jpg,2024,8,12,23:10:03,small
car_2024-08-12_23_00_03.jpg,2024,8,12,23:00:03,small
car_2024-08-12_22_50_03_extra.jpg,2024,8,12,22:50:03,small
car_2024-08-12_22_40_03_extra.jpg,2024,8,12,22:40:03,small
car_2024-08-12_22_30_03.jpg,2024,8,12,22:30:03,small
car_2024-08-12_22_20_03_extra.jpg,2024,8,12,22:20:03,small
car_2024-08-12_22_10_03_extra.jpg,2024,8,12,22:10:03,small
car_2024-08-12_22_00_03.jpg,2024,8,12,22:00:03,small
car_2024-08-12_21_50_03_extra.jpg,2024,8,12,21:50:03,small
car_2024-08-12_21_40_03_extra.jpg,2024,8,12,21:40:03,small
car_2024-08-12_21_30_03.jpg,2024,8,12,21:30:03,small
car_2024-08-12_21_20_03_extra.jpg,2024,8,12,21:20:03,small
car_2024-08-12_21_10_03_extra.jpg,2024,8,12,21:10:03,small
car_2024-08-12_21_00_03.jpg,2024,8,12,21:00:03,small
car_2024-08-09_23_58_03.jpg,2024,8,9,23:58:03,small
car_2024-08-09_23_50_03_extra.jpg,2024,8,9,23:50:03,small
car_2024-08-09_23_40_04_extra.jpg,2024,8,9,23:40:04,small
car_2024-08-09_23_30_03.jpg,2024,8,9,23:30:03,small
car_2024-08-09_23_20_03_extra.jpg,2024,8,9,23:20:03,small
car_2024-08-09_23_10_03_extra.jpg,2024,8,9,23:10:03,small
car_2024-08-09_23_00_03.jpg,2024,8,9,23:00:03,small
car_2024-08-09_22_50_03_extra.jpg,2024,8,9,22:50:03,small
car_2024-08-09_22_40_03_extra.jpg,2024,8,9,22:40:03,small
car_2024-08-09_22_30_03.jpg,2024,8,9,22:30:03,small
car_2024-08-09_22_20_03_extra.jpg,2024,8,9,22:20:03,small
car_2024-08-09_22_10_03_extra.jpg,2024,8,9,22:10:03,small
car_2024-08-09_22_00_03.jpg,2024,8,9,22:00:03,small
car_2024-08-09_21_50_03_extra.jpg,2024,8,9,21:50:03,small
car_2024-08-09_21_40_03_extra.jpg,2024,8,9,21:40:03,small
car_2024-08-09_21_30_03.jpg,2024,8,9,21:30:03,small
car_2024-08-09_21_20_03_extra.jpg,2024,8,9,21:20:03,small
car_2024-08-09_21_10_03_extra.jpg,2024,8,9,21:10:03,small
car_2024-08-09_21_00_02.jpg,2024,8,9,21:00:02,small
car_2024-08-07_23_58_03.jpg,2024,8,7,23:58:03,small
car_2024-08-07_23_50_03_extra.jpg,2024,8,7,23:50:03,small
car_2024-08-07_23_40_03_extra.jpg,2024,8,7,23:40:03,small
car_2024-08-07_23_30_04.jpg,2024,8,7,23:30:04,small
car_2024-08-07_23_20_03_extra.jpg,2024,8,7,23:20:03,small
car_2024-08-07_23_10_03_extra.jpg,2024,8,7,23:10:03,small
car_2024-08-07_23_00_03.jpg,2024,8,7,23:00:03,small
car_2024-08-07_22_50_03_extra.jpg,2024,8,7,22:50:03,small
car_2024-08-07_22_40_03_extra.jpg,2024,8,7,22:40:03,small
car_2024-08-07_22_30_03.jpg,2024,8,7,22:30:03,small
car_2024-08-07_22_20_03_extra.jpg,2024,8,7,22:20:03,small
car_2024-08-07_22_10_03_extra.jpg,2024,8,7,22:10:03,small
car_2024-08-07_22_00_03.jpg,2024,8,7,22:00:03,small
car_2024-08-07_21_50_03_extra.jpg,2024,8,7,21:50:03,small
car_2024-08-07_21_40_03_extra.jpg,2024,8,7,21:40:03,small
car_2024-08-07_21_30_03.jpg,2024,8,7,21:30:03,small
car_2024-08-07_21_20_04_extra.jpg,2024,8,7,21:20:04,small
car_2024-08-07_21_10_03_extra.jpg,2024,8,7,21:10:03,small
car_2024-08-07_21_00_03.jpg,2024,8,7,21:00:03,small
car_2024-08-05_23_58_03.jpg,2024,8,5,23:58:03,small
car_2024-08-05_23_50_03_extra.jpg,2024,8,5,23:50:03,small
car_2024-08-05_23_40_03_extra.jpg,2024,8,5,23:40:03,small
car_2024-08-05_23_30_03.jpg,2024,8,5,23:30:03,small
car_2024-08-05_23_20_03_extra.jpg,2024,8,5,23:20:03,small
car_2024-08-05_23_10_03_extra.jpg,2024,8,5,23:10:03,small
car_2024-08-05_23_00_03.jpg,2024,8,5,23:00:03,small
car_2024-08-05_22_50_03_extra.jpg,2024,8,5,22:50:03,small
car_2024-08-05_22_40_03_extra.jpg,2024,8,5,22:40:03,small
car_2024-08-05_22_30_03.jpg,2024,8,5,22:30:03,small
car_2024-08-05_22_20_03_extra.jpg,2024,8,5,22:20:03,small
car_2024-08-05_22_10_03_extra.jpg,2024,8,5,22:10:03,small
car_2024-08-05_22_00_03.jpg,2024,8,5,22:00:03,small
car_2024-08-05_21_50_03_extra.jpg,2024,8,5,21:50:03,small
car_2024-08-05_21_40_03_extra.jpg,2024,8,5,21:40:03,small
car_2024-08-05_21_30_03.jpg,2024,8,5,21:30:03,small
car_2024-08-05_21_20_03_extra.jpg,2024,8,5,21:20:03,small
car_2024-08-05_21_10_03_extra.jpg,2024,8,5,21:10:03,small
car_2024-08-05_21_00_03.jpg,2024,8,5,21:00:03,small
car_2024-07-31_23_58_03.jpg,2024,7,31,23:58:03,small
car_2024-07-31_23_50_03_extra.jpg,2024,7,31,23:50:03,small
car_2024-07-31_23_40_03_extra.jpg,2024,7,31,23:40:03,small
car_2024-07-31_23_30_03.jpg,2024,7,31,23:30:03,small
car_2024-07-31_23_20_03_extra.jpg,2024,7,31,23:20:03,small
car_2024-07-31_23_10_03_extra.jpg,2024,7,31,23:10:03,small
car_2024-07-31_23_00_03.jpg,2024,7,31,23:00:03,small
car_2024-07-31_22_50_03_extra.jpg,2024,7,31,22:50:03,small
car_2024-07-31_22_40_03_extra.jpg,2024,7,31,22:40:03,small
car_2024-07-31_22_30_03.jpg,2024,7,31,22:30:03,small
car_2024-07-31_22_20_03_extra.jpg,2024,7,31,22:20:03,small
car_2024-07-31_22_10_03_extra.jpg,2024,7,31,22:10:03,small
car_2024-07-31_22_00_03.jpg,2024,7,31,22:00:03,small
car_2024-07-31_21_50_03_extra.jpg,2024,7,31,21:50:03,small
car_2024-07-31_21_40_03_extra.jpg,2024,7,31,21:40:03,small
car_2024-07-31_21_30_03.jpg,2024,7,31,21:30:03,small
car_2024-07-31_21_20_03_extra.jpg,2024,7,31,21:20:03,small
car_2024-07-31_21_10_03_extra.jpg,2024,7,31,21:10:03,small
car_2024-07-31_21_00_03.jpg,2024,7,31,21:00:03,small
syd_2024-07-05_22_50_03_extra.jpg,2024,7,5,22:50:03,large
syd_2024-07-05_22_40_03_extra.jpg,2024,7,5,22:40:03,large
syd_2024-07-05_22_30_03.jpg,2024,7,5,22:30:03,large
syd_2024-07-05_22_20_03_extra.jpg,2024,7,5,22:20:03,large
syd_2024-07-05_22_10_03_extra.jpg,2024,7,5,22:10:03,large
syd_2024-07-05_22_00_03.jpg,2024,7,5,22:00:03,large
syd_2024-07-05_21_50_03_extra.jpg,2024,7,5,21:50:03,large
syd_2024-07-05_21_40_03_extra.jpg,2024,7,5,21:40:03,large
syd_2024-07-05_21_30_03.jpg,2024,7,5,21:30:03,large
syd_2024-07-05_21_20_03_extra.jpg,2024,7,5,21:20:03,large
syd_2024-07-05_21_10_03_extra.jpg,2024,7,5,21:10:03,large
syd_2024-07-05_21_00_03.jpg,2024,7,5,21:00:03,large
syd_2024-07-03_23_58_03.jpg,2024,7,3,23:58:03,large
syd_2024-07-03_23_50_03_extra.jpg,2024,7,3,23:50:03,large
syd_2024-07-03_23_40_03_extra.jpg,2024,7,3,23:40:03,large
syd_2024-07-03_23_30_03.jpg,2024,7,3,23:30:03,large
syd_2024-07-03_23_20_03_extra.jpg,2024,7,3,23:20:03,large
syd_2024-07-03_23_10_03_extra.jpg,2024,7,3,23:10:03,large
syd_2024-07-03_23_00_03.jpg,2024,7,3,23:00:03,large
syd_2024-07-03_22_50_04_extra.jpg,2024,7,3,22:50:04,large
syd_2024-07-03_22_40_03_extra.jpg,2024,7,3,22:40:03,large
syd_2024-07-03_22_30_03.jpg,2024,7,3,22:30:03,large
syd_2024-07-03_22_20_03_extra.jpg,2024,7,3,22:20:03,large
syd_2024-07-03_22_10_04_extra.jpg,2024,7,3,22:10:04,large
syd_2024-07-03_22_00_03.jpg,2024,7,3,22:00:03,large
syd_2024-07-03_21_50_03_extra.jpg,2024,7,3,21:50:03,large
syd_2024-07-03_21_40_04_extra.jpg,2024,7,3,21:40:04,large
syd_2024-07-03_21_30_03.jpg,2024,7,3,21:30:03,large
syd_2024-07-03_21_20_03_extra.jpg,2024,7,3,21:20:03,large
syd_2024-07-03_21_10_03_extra.jpg,2024,7,3,21:10:03,large
syd_2024-07-03_21_00_02.jpg,2024,7,3,21:00:02,large
syd_2024-06-14_23_58_03.jpg,2024,6,14,23:58:03,large
syd_2024-06-14_23_50_03_extra.jpg,2024,6,14,23:50:03,large
syd_2024-06-14_23_40_03_extra.jpg,2024,6,14,23:40:03,large
syd_2024-06-14_23_30_03.jpg,2024,6,14,23:30:03,large
syd_2024-06-14_23_20_03_extra.jpg,2024,6,14,23:20:03,large
syd_2024-06-14_23_10_03_extra.jpg,2024,6,14,23:10:03,large
syd_2024-06-14_23_00_03.jpg,2024,6,14,23:00:03,large
syd_2024-06-14_22_50_03_extra.jpg,2024,6,14,22:50:03,large
syd_2024-06-14_22_40_03_extra.jpg,2024,6,14,22:40:03,large
syd_2024-06-14_22_30_03.jpg,2024,6,14,22:30:03,large
syd_2024-06-14_22_20_03_extra.jpg,2024,6,14,22:20:03,large
syd_2024-06-14_22_10_03_extra.jpg,2024,6,14,22:10:03,large
syd_2024-06-14_22_00_03.jpg,2024,6,14,22:00:03,large
syd_2024-06-14_21_50_03_extra.jpg,2024,6,14,21:50:03,large
syd_2024-06-14_21_40_03_extra.jpg,2024,6,14,21:40:03,large
syd_2024-06-14_21_30_03.jpg,2024,6,14,21:30:03,large
syd_2024-06-14_21_20_03_extra.jpg,2024,6,14,21:20:03,large
syd_2024-06-14_21_10_03_extra.jpg,2024,6,14,21:10:03,large
syd_2024-06-14_21_00_03.jpg,2024,6,14,21:00:03,large
syd_2024-07-05_23_58_03.jpg,2024,7,5,23:58:03,large
syd_2024-07-05_23_50_04_extra.jpg,2024,7,5,23:50:04,large
syd_2024-07-05_23_40_03_extra.jpg,2024,7,5,23:40:03,large
syd_2024-07-05_23_30_03.jpg,2024,7,5,23:30:03,large
syd_2024-07-05_23_20_04_extra.jpg,2024,7,5,23:20:04,large
syd_2024-07-05_23_10_03_extra.jpg,2024,7,5,23:10:03,large
syd_2024-07-05_23_00_03.jpg,2024,7,5,23:00:03,large
car_2024-07-22_23_58_03.jpg,2024,7,22,23:58:03,small
car_2024-07-22_23_50_03_extra.jpg,2024,7,22,23:50:03,small
car_2024-07-22_23_40_03_extra.jpg,2024,7,22,23:40:03,small
car_2024-07-22_23_30_03.jpg,2024,7,22,23:30:03,small
car_2024-07-22_23_20_03_extra.jpg,2024,7,22,23:20:03,small
car_2024-07-22_23_10_03_extra.jpg,2024,7,22,23:10:03,small
car_2024-07-22_23_00_03.jpg,2024,7,22,23:00:03,small
car_2024-07-22_22_50_03_extra.jpg,2024,7,22,22:50:03,small
car_2024-07-22_22_40_03_extra.jpg,2024,7,22,22:40:03,small
car_2024-07-22_22_30_03.jpg,2024,7,22,22:30:03,small
car_2024-07-22_22_20_03_extra.jpg,2024,7,22,22:20:03,small
car_2024-07-22_22_10_03_extra.jpg,2024,7,22,22:10:03,small
car_2024-07-22_22_00_03.jpg,2024,7,22,22:00:03,small
car_2024-07-22_21_50_03_extra.jpg,2024,7,22,21:50:03,small
car_2024-07-22_21_40_03_extra.jpg,2024,7,22,21:40:03,small
car_2024-07-22_21_30_03.jpg,2024,7,22,21:30:03,small
car_2024-07-22_21_20_03_extra.jpg,2024,7,22,21:20:03,small
car_2024-07-22_21_10_03_extra.jpg,2024,7,22,21:10:03,small
car_2024-07-22_21_00_03.jpg,2024,7,22,21:00:03,small
car_2024-07-19_23_58_03.jpg,2024,7,19,23:58:03,small
car_2024-07-19_23_50_03_extra.jpg,2024,7,19,23:50:03,small
car_2024-07-19_23_40_03_extra.jpg,2024,7,19,23:40:03,small
car_2024-07-19_23_30_03.jpg,2024,7,19,23:30:03,small
car_2024-07-19_23_20_03_extra.jpg,2024,7,19,23:20:03,small
car_2024-07-19_23_10_03_extra.jpg,2024,7,19,23:10:03,small
car_2024-07-19_23_00_03.jpg,2024,7,19,23:00:03,small
car_2024-07-19_22_50_03_extra.jpg,2024,7,19,22:50:03,small
car_2024-07-19_22_40_03_extra.jpg,2024,7,19,22:40:03,small
car_2024-07-19_22_30_03.jpg,2024,7,19,22:30:03,small
car_2024-07-19_22_20_03_extra.jpg,2024,7,19,22:20:03,small
car_2024-07-19_22_10_03_extra.jpg,2024,7,19,22:10:03,small
car_2024-07-19_22_00_04.jpg,2024,7,19,22:00:04,small
car_2024-07-19_21_50_03_extra.jpg,2024,7,19,21:50:03,small
car_2024-07-19_21_40_04_extra.jpg,2024,7,19,21:40:04,small
car_2024-07-19_21_30_04.jpg,2024,7,19,21:30:04,small
car_2024-06-28_22_50_03_extra.jpg,2024,6,28,22:50:03,small
car_2024-06-28_22_40_03_extra.jpg,2024,6,28,22:40:03,small
car_2024-06-28_22_30_03.jpg,2024,6,28,22:30:03,small
car_2024-06-28_22_20_03_extra.jpg,2024,6,28,22:20:03,small
car_2024-06-28_22_10_03_extra.jpg,2024,6,28,22:10:03,small
car_2024-06-28_22_00_03.jpg,2024,6,28,22:00:03,small
car_2024-06-28_21_50_03_extra.jpg,2024,6,28,21:50:03,small
car_2024-06-28_21_40_03_extra.jpg,2024,6,28,21:40:03,small
car_2024-06-28_21_30_03.jpg,2024,6,28,21:30:03,small
car_2024-06-28_21_20_03_extra.jpg,2024,6,28,21:20:03,small
car_2024-06-28_21_10_03_extra.jpg,2024,6,28,21:10:03,small
car_2024-06-28_21_00_02.jpg,2024,6,28,21:00:02,small
car_2024-06-17_23_58_03.jpg,2024,6,17,23:58:03,small
car_2024-06-17_23_50_03_extra.jpg,2024,6,17,23:50:03,small
car_2024-06-17_23_40_03_extra.jpg,2024,6,17,23:40:03,small
car_2024-06-17_23_30_04.jpg,2024,6,17,23:30:04,small
car_2024-06-17_23_20_03_extra.jpg,2024,6,17,23:20:03,small
car_2024-06-17_23_10_03_extra.jpg,2024,6,17,23:10:03,small
car_2024-06-17_23_00_03.jpg,2024,6,17,23:00:03,small
car_2024-06-17_22_50_03_extra.jpg,2024,6,17,22:50:03,small
car_2024-06-17_22_40_03_extra.jpg,2024,6,17,22:40:03,small
car_2024-06-17_22_30_03.jpg,2024,6,17,22:30:03,small
car_2024-06-17_22_20_03_extra.jpg,2024,6,17,22:20:03,small
car_2024-06-17_22_10_03_extra.jpg,2024,6,17,22:10:03,small
car_2024-06-17_22_00_03.jpg,2024,6,17,22:00:03,small
car_2024-06-17_21_50_03_extra.jpg,2024,6,17,21:50:03,small
car_2024-06-17_21_40_03_extra.jpg,2024,6,17,21:40:03,small
car_2024-06-17_21_30_03.jpg,2024,6,17,21:30:03,small
car_2024-06-17_21_20_03_extra.jpg,2024,6,17,21:20:03,small
car_2024-06-17_21_10_03_extra.jpg,2024,6,17,21:10:03,small
car_2024-06-17_21_00_03.jpg,2024,6,17,21:00:03,small
car_2024-06-14_23_58_03.jpg,2024,6,14,23:58:03,small
car_2024-06-14_23_50_03_extra.jpg,2024,6,14,23:50:03,small
car_2024-06-14_23_40_03_extra.jpg,2024,6,14,23:40:03,small
car_2024-06-14_23_30_03.jpg,2024,6,14,23:30:03,small
car_2024-06-14_23_20_04_extra.jpg,2024,6,14,23:20:04,small
car_2024-06-14_23_10_04_extra.jpg,2024,6,14,23:10:04,small
car_2024-06-14_23_00_03.jpg,2024,6,14,23:00:03,small
car_2024-06-14_22_50_03_extra.jpg,2024,6,14,22:50:03,small
car_2024-06-14_22_40_04_extra.jpg,2024,6,14,22:40:04,small
car_2024-06-14_22_30_03.jpg,2024,6,14,22:30:03,small
car_2024-06-14_22_20_03_extra.jpg,2024,6,14,22:20:03,small
car_2024-06-14_22_10_04_extra.jpg,2024,6,14,22:10:04,small
car_2024-06-14_22_00_03.jpg,2024,6,14,22:00:03,small
car_2024-06-14_21_50_03_extra.jpg,2024,6,14,21:50:03,small
car_2024-06-14_21_40_03_extra.jpg,2024,6,14,21:40:03,small
car_2024-06-14_21_30_03.jpg,2024,6,14,21:30:03,small
car_2024-06-14_21_20_03_extra.jpg,2024,6,14,21:20:03,small
car_2024-06-14_21_10_03_extra.jpg,2024,6,14,21:10:03,small
car_2024-06-14_21_00_03.jpg,2024,6,14,21:00:03,small
car_2024-07-19_21_20_03_extra.jpg,2024,7,19,21:20:03,small
car_2024-07-19_21_10_03_extra.jpg,2024,7,19,21:10:03,small
car_2024-07-19_21_00_03.jpg,2024,7,19,21:00:03,small
car_2024-06-28_23_58_03.jpg,2024,6,28,23:58:03,small
car_2024-06-28_23_50_03_extra.jpg,2024,6,28,23:50:03,small
car_2024-06-28_23_40_03_extra.jpg,2024,6,28,23:40:03,small
car_2024-06-28_23_30_03.jpg,2024,6,28,23:30:03,small
car_2024-06-28_23_20_03_extra.jpg,2024,6,28,23:20:03,small
car_2024-06-28_23_10_03_extra.jpg,2024,6,28,23:10:03,small
car_2024-06-28_23_00_03.jpg,2024,6,28,23:00:03,small
ama_2024-07-19_23_58_03.jpg,2024,7,19,23:58:03,medium
ama_2024-07-19_23_50_03_extra.jpg,2024,7,19,23:50:03,medium
ama_2024-07-19_23_40_03_extra.jpg,2024,7,19,23:40:03,medium
ama_2024-07-19_23_30_03.jpg,2024,7,19,23:30:03,medium
ama_2024-07-19_23_20_03_extra.jpg,2024,7,19,23:20:03,medium
ama_2024-07-19_23_10_03_extra.jpg,2024,7,19,23:10:03,medium
ama_2024-07-19_23_00_03.jpg,2024,7,19,23:00:03,medium
ama_2024-07-19_22_50_03_extra.jpg,2024,7,19,22:50:03,medium
ama_2024-07-19_22_40_03_extra.jpg,2024,7,19,22:40:03,medium
ama_2024-07-19_22_30_03.jpg,2024,7,19,22:30:03,medium
ama_2024-07-19_22_20_03_extra.jpg,2024,7,19,22:20:03,medium
ama_2024-07-19_22_10_03_extra.jpg,2024,7,19,22:10:03,medium
ama_2024-07-19_22_00_03.jpg,2024,7,19,22:00:03,medium
ama_2024-07-19_21_50_03_extra.jpg,2024,7,19,21:50:03,medium
ama_2024-07-19_21_40_03_extra.jpg,2024,7,19,21:40:03,medium
ama_2024-07-19_21_30_03.jpg,2024,7,19,21:30:03,medium
ama_2024-07-19_21_20_03_extra.jpg,2024,7,19,21:20:03,medium
ama_2024-07-19_21_10_03_extra.jpg,2024,7,19,21:10:03,medium
ama_2024-07-19_21_00_03.jpg,2024,7,19,21:00:03,medium
ama_2024-07-08_23_58_03.jpg,2024,7,8,23:58:03,medium
ama_2024-07-08_23_50_03_extra.jpg,2024,7,8,23:50:03,medium
ama_2024-07-08_23_40_03_extra.jpg,2024,7,8,23:40:03,medium
ama_2024-07-08_23_30_03.jpg,2024,7,8,23:30:03,medium
ama_2024-07-08_23_20_03_extra.jpg,2024,7,8,23:20:03,medium
ama_2024-07-08_23_10_03_extra.jpg,2024,7,8,23:10:03,medium
ama_2024-07-08_23_00_03.jpg,2024,7,8,23:00:03,medium
ama_2024-07-08_22_50_03_extra.jpg,2024,7,8,22:50:03,medium
ama_2024-07-08_22_40_03_extra.jpg,2024,7,8,22:40:03,medium
ama_2024-07-08_22_30_03.jpg,2024,7,8,22:30:03,medium
ama_2024-07-08_22_20_04_extra.jpg,2024,7,8,22:20:04,medium
ama_2024-07-08_22_10_03_extra.jpg,2024,7,8,22:10:03,medium
ama_2024-07-08_22_00_03.jpg,2024,7,8,22:00:03,medium
ama_2024-07-08_21_50_03_extra.jpg,2024,7,8,21:50:03,medium
ama_2024-07-08_21_40_03_extra.jpg,2024,7,8,21:40:03,medium
ama_2024-07-08_21_30_03.jpg,2024,7,8,21:30:03,medium
ama_2024-07-08_21_20_03_extra.jpg,2024,7,8,21:20:03,medium
ama_2024-07-08_21_10_03_extra.jpg,2024,7,8,21:10:03,medium
ama_2024-07-08_21_00_03.jpg,2024,7,8,21:00:03,medium
ama_2024-07-05_23_58_03.jpg,2024,7,5,23:58:03,medium
ama_2024-07-05_23_50_03_extra.jpg,2024,7,5,23:50:03,medium
ama_2024-07-05_23_40_03_extra.jpg,2024,7,5,23:40:03,medium
ama_2024-07-05_23_30_03.jpg,2024,7,5,23:30:03,medium
ama_2024-07-05_23_20_03_extra.jpg,2024,7,5,23:20:03,medium
ama_2024-07-05_23_10_03_extra.jpg,2024,7,5,23:10:03,medium
ama_2024-07-05_23_00_03.jpg,2024,7,5,23:00:03,medium
ama_2024-07-05_22_50_03_extra.jpg,2024,7,5,22:50:03,medium
ama_2024-07-05_22_40_03_extra.jpg,2024,7,5,22:40:03,medium
ama_2024-07-05_22_30_03.jpg,2024,7,5,22:30:03,medium
ama_2024-07-05_22_20_03_extra.jpg,2024,7,5,22:20:03,medium
ama_2024-07-05_22_10_03_extra.jpg,2024,7,5,22:10:03,medium
ama_2024-07-05_22_00_03.jpg,2024,7,5,22:00:03,medium
ama_2024-07-05_21_50_03_extra.jpg,2024,7,5,21:50:03,medium
ama_2024-07-05_21_40_03_extra.jpg,2024,7,5,21:40:03,medium
ama_2024-07-05_21_30_03.jpg,2024,7,5,21:30:03,medium
ama_2024-07-05_21_20_03_extra.jpg,2024,7,5,21:20:03,medium
ama_2024-07-05_21_10_03_extra.jpg,2024,7,5,21:10:03,medium
ama_2024-07-05_21_00_04.jpg,2024,7,5,21:00:04,medium
ama_2024-06-17_23_58_03.jpg,2024,6,17,23:58:03,medium
ama_2024-06-17_23_50_03_extra.jpg,2024,6,17,23:50:03,medium
ama_2024-06-17_23_40_03_extra.jpg,2024,6,17,23:40:03,medium
ama_2024-06-17_23_30_03.jpg,2024,6,17,23:30:03,medium
ama_2024-06-17_23_20_04_extra.jpg,2024,6,17,23:20:04,medium
ama_2024-06-17_23_10_03_extra.jpg,2024,6,17,23:10:03,medium
ama_2024-06-17_23_00_04.jpg,2024,6,17,23:00:04,medium
ama_2024-06-17_22_50_04_extra.jpg,2024,6,17,22:50:04,medium
ama_2024-06-17_22_40_04_extra.jpg,2024,6,17,22:40:04,medium
ama_2024-06-17_22_30_03.jpg,2024,6,17,22:30:03,medium
ama_2024-06-17_22_20_03_extra.jpg,2024,6,17,22:20:03,medium
ama_2024-06-17_22_10_03_extra.jpg,2024,6,17,22:10:03,medium
ama_2024-06-17_22_00_03.jpg,2024,6,17,22:00:03,medium
ama_2024-06-17_21_50_03_extra.jpg,2024,6,17,21:50:03,medium
ama_2024-06-17_21_40_03_extra.jpg,2024,6,17,21:40:03,medium
ama_2024-06-17_21_30_03.jpg,2024,6,17,21:30:03,medium
ama_2024-06-17_21_20_04_extra.jpg,2024,6,17,21:20:04,medium
ama_2024-06-17_21_10_03_extra.jpg,2024,6,17,21:10:03,medium
ama_2024-06-17_21_00_03.jpg,2024,6,17,21:00:03,medium
ama_2024-06-14_23_58_03.jpg,2024,6,14,23:58:03,medium
ama_2024-06-14_23_50_03_extra.jpg,2024,6,14,23:50:03,medium
ama_2024-06-14_23_40_04_extra.jpg,2024,6,14,23:40:04,medium
ama_2024-06-14_23_30_03.jpg,2024,6,14,23:30:03,medium
ama_2024-06-14_23_20_03_extra.jpg,2024,6,14,23:20:03,medium
ama_2024-06-14_23_10_03_extra.jpg,2024,6,14,23:10:03,medium
ama_2024-06-14_23_00_03.jpg,2024,6,14,23:00:03,medium
car_2024-07-29_23_58_03.jpg,2024,7,29,23:58:03,small
car_2024-07-29_23_50_03_extra.jpg,2024,7,29,23:50:03,small
car_2024-07-29_23_40_03_extra.jpg,2024,7,29,23:40:03,small
car_2024-07-29_23_30_03.jpg,2024,7,29,23:30:03,small
car_2024-07-29_23_20_03_extra.jpg,2024,7,29,23:20:03,small
car_2024-07-29_23_10_03_extra.jpg,2024,7,29,23:10:03,small
car_2024-07-29_23_00_03.jpg,2024,7,29,23:00:03,small
car_2024-07-29_22_50_04_extra.jpg,2024,7,29,22:50:04,small
car_2024-07-29_22_40_03_extra.jpg,2024,7,29,22:40:03,small
car_2024-07-29_22_30_03.jpg,2024,7,29,22:30:03,small
car_2024-07-29_22_20_03_extra.jpg,2024,7,29,22:20:03,small
car_2024-07-29_22_10_04_extra.jpg,2024,7,29,22:10:04,small
car_2024-07-29_22_00_03.jpg,2024,7,29,22:00:03,small
car_2024-07-29_21_50_03_extra.jpg,2024,7,29,21:50:03,small
car_2024-07-29_21_40_03_extra.jpg,2024,7,29,21:40:03,small
car_2024-07-29_21_30_03.jpg,2024,7,29,21:30:03,small
car_2024-07-29_21_20_03_extra.jpg,2024,7,29,21:20:03,small
car_2024-07-29_21_10_03_extra.jpg,2024,7,29,21:10:03,small
car_2024-07-29_21_00_03.jpg,2024,7,29,21:00:03,small
car_2024-07-26_23_58_03.jpg,2024,7,26,23:58:03,small
car_2024-07-26_23_50_03_extra.jpg,2024,7,26,23:50:03,small
car_2024-07-26_23_40_03_extra.jpg,2024,7,26,23:40:03,small
car_2024-07-26_23_30_03.jpg,2024,7,26,23:30:03,small
car_2024-07-26_23_20_03_extra.jpg,2024,7,26,23:20:03,small
car_2024-07-26_23_10_03_extra.jpg,2024,7,26,23:10:03,small
car_2024-07-26_23_00_03.jpg,2024,7,26,23:00:03,small
car_2024-07-26_22_50_03_extra.jpg,2024,7,26,22:50:03,small
car_2024-07-26_22_40_04_extra.jpg,2024,7,26,22:40:04,small
car_2024-07-26_22_30_03.jpg,2024,7,26,22:30:03,small
car_2024-07-26_22_20_03_extra.jpg,2024,7,26,22:20:03,small
car_2024-07-26_22_10_03_extra.jpg,2024,7,26,22:10:03,small
car_2024-07-26_22_00_03.jpg,2024,7,26,22:00:03,small
car_2024-07-26_21_50_03_extra.jpg,2024,7,26,21:50:03,small
car_2024-07-26_21_40_03_extra.jpg,2024,7,26,21:40:03,small
car_2024-07-26_21_30_03.jpg,2024,7,26,21:30:03,small
car_2024-07-26_21_20_03_extra.jpg,2024,7,26,21:20:03,small
car_2024-07-26_21_10_03_extra.jpg,2024,7,26,21:10:03,small
car_2024-07-26_21_00_04.jpg,2024,7,26,21:00:04,small
car_2024-07-24_23_58_03.jpg,2024,7,24,23:58:03,small
car_2024-07-24_23_50_03_extra.jpg,2024,7,24,23:50:03,small
car_2024-07-24_23_40_03_extra.jpg,2024,7,24,23:40:03,small
car_2024-07-24_23_30_03.jpg,2024,7,24,23:30:03,small
car_2024-07-24_23_20_03_extra.jpg,2024,7,24,23:20:03,small
car_2024-07-24_23_10_03_extra.jpg,2024,7,24,23:10:03,small
car_2024-07-24_23_00_03.jpg,2024,7,24,23:00:03,small
car_2024-07-24_22_50_03_extra.jpg,2024,7,24,22:50:03,small
car_2024-07-24_22_40_03_extra.jpg,2024,7,24,22:40:03,small
car_2024-07-24_22_30_03.jpg,2024,7,24,22:30:03,small
car_2024-07-24_22_20_03_extra.jpg,2024,7,24,22:20:03,small
car_2024-07-24_22_10_03_extra.jpg,2024,7,24,22:10:03,small
car_2024-07-24_22_00_03.jpg,2024,7,24,22:00:03,small
car_2024-07-24_21_50_03_extra.jpg,2024,7,24,21:50:03,small
car_2024-07-24_21_40_03_extra.jpg,2024,7,24,21:40:03,small
car_2024-07-24_21_30_03.jpg,2024,7,24,21:30:03,small
car_2024-07-24_21_20_03_extra.jpg,2024,7,24,21:20:03,small
car_2024-07-24_21_10_04_extra.jpg,2024,7,24,21:10:04,small
car_2024-07-24_21_00_03.jpg,2024,7,24,21:00:03,small
ama_2024-07-03_23_58_03.jpg,2024,7,3,23:58:03,medium
ama_2024-07-03_23_50_03_extra.jpg,2024,7,3,23:50:03,medium
ama_2024-07-03_23_40_03_extra.jpg,2024,7,3,23:40:03,medium
ama_2024-07-03_23_30_03.jpg,2024,7,3,23:30:03,medium
ama_2024-07-03_23_20_03_extra.jpg,2024,7,3,23:20:03,medium
ama_2024-07-03_23_10_03_extra.jpg,2024,7,3,23:10:03,medium
ama_2024-07-03_23_00_03.jpg,2024,7,3,23:00:03,medium
ama_2024-07-03_22_50_03_extra.jpg,2024,7,3,22:50:03,medium
ama_2024-07-03_22_40_03_extra.jpg,2024,7,3,22:40:03,medium
ama_2024-07-03_22_30_03.jpg,2024,7,3,22:30:03,medium
ama_2024-07-03_22_20_03_extra.jpg,2024,7,3,22:20:03,medium
ama_2024-07-03_22_10_03_extra.jpg,2024,7,3,22:10:03,medium
ama_2024-07-03_22_00_03.jpg,2024,7,3,22:00:03,medium
ama_2024-07-03_21_50_03_extra.jpg,2024,7,3,21:50:03,medium
ama_2024-07-03_21_40_03_extra.jpg,2024,7,3,21:40:03,medium
ama_2024-07-03_21_30_03.jpg,2024,7,3,21:30:03,medium
ama_2024-07-03_21_20_03_extra.jpg,2024,7,3,21:20:03,medium
ama_2024-07-03_21_10_03_extra.jpg,2024,7,3,21:10:03,medium
ama_2024-07-03_21_00_03.jpg,2024,7,3,21:00:03,medium
syd_2024-07-01_23_58_03.jpg,2024,7,1,23:58:03,large
ama_2024-07-01_23_58_03.jpg,2024,7,1,23:58:03,medium
ama_2024-07-01_23_50_03_extra.jpg,2024,7,1,23:50:03,medium
syd_2024-07-01_23_50_03_extra.jpg,2024,7,1,23:50:03,large
ama_2024-07-01_23_40_03_extra.jpg,2024,7,1,23:40:03,medium
syd_2024-07-01_23_40_03_extra.jpg,2024,7,1,23:40:03,large
syd_2024-07-01_23_30_04.jpg,2024,7,1,23:30:04,large
ama_2024-07-01_23_30_03.jpg,2024,7,1,23:30:03,medium
ama_2024-07-01_23_20_04_extra.jpg,2024,7,1,23:20:04,medium
syd_2024-07-01_23_20_03_extra.jpg,2024,7,1,23:20:03,large
syd_2024-07-01_23_10_03_extra.jpg,2024,7,1,23:10:03,large
ama_2024-07-01_23_10_03_extra.jpg,2024,7,1,23:10:03,medium
ama_2024-07-01_23_00_03.jpg,2024,7,1,23:00:03,medium
syd_2024-07-01_23_00_03.jpg,2024,7,1,23:00:03,large
syd_2024-07-01_22_50_03_extra.jpg,2024,7,1,22:50:03,large
ama_2024-07-01_22_50_03_extra.jpg,2024,7,1,22:50:03,medium
ama_2024-07-01_22_40_03_extra.jpg,2024,7,1,22:40:03,medium
syd_2024-07-01_22_40_03_extra.jpg,2024,7,1,22:40:03,large
syd_2024-07-01_22_30_03.jpg,2024,7,1,22:30:03,large
ama_2024-07-01_22_30_03.jpg,2024,7,1,22:30:03,medium
syd_2024-07-01_22_20_03_extra.jpg,2024,7,1,22:20:03,large
ama_2024-07-01_22_20_03_extra.jpg,2024,7,1,22:20:03,medium
syd_2024-07-01_22_10_03_extra.jpg,2024,7,1,22:10:03,large
ama_2024-07-01_22_10_03_extra.jpg,2024,7,1,22:10:03,medium
syd_2024-07-01_22_00_03.jpg,2024,7,1,22:00:03,large
ama_2024-07-01_22_00_03.jpg,2024,7,1,22:00:03,medium
syd_2024-07-01_21_50_03_extra.jpg,2024,7,1,21:50:03,large
ama_2024-07-01_21_50_03_extra.jpg,2024,7,1,21:50:03,medium
syd_2024-07-01_21_40_03_extra.jpg,2024,7,1,21:40:03,large
ama_2024-07-01_21_40_03_extra.jpg,2024,7,1,21:40:03,medium
ama_2024-07-01_21_30_03.jpg,2024,7,1,21:30:03,medium
syd_2024-07-01_21_30_03.jpg,2024,7,1,21:30:03,large
syd_2024-07-01_21_20_04_extra.jpg,2024,7,1,21:20:04,large
ama_2024-07-01_21_20_03_extra.jpg,2024,7,1,21:20:03,medium
ama_2024-07-01_21_10_03_extra.jpg,2024,7,1,21:10:03,medium
syd_2024-07-01_21_10_03_extra.jpg,2024,7,1,21:10:03,large
ama_2024-07-01_21_00_03.jpg,2024,7,1,21:00:03,medium
syd_2024-07-01_21_00_03.jpg,2024,7,1,21:00:03,large
syd_2024-06-28_23_58_04.jpg,2024,6,28,23:58:04,large
ama_2024-06-28_23_58_03.jpg,2024,6,28,23:58:03,medium
ama_2024-06-28_23_50_04_extra.jpg,2024,6,28,23:50:04,medium
syd_2024-06-28_23_50_03_extra.jpg,2024,6,28,23:50:03,large
syd_2024-06-28_23_40_03_extra.jpg,2024,6,28,23:40:03,large
syd_2024-06-28_23_30_03.jpg,2024,6,28,23:30:03,large
syd_2024-06-28_23_20_03_extra.jpg,2024,6,28,23:20:03,large
syd_2024-06-28_23_10_04_extra.jpg,2024,6,28,23:10:04,large
syd_2024-06-28_23_00_03.jpg,2024,6,28,23:00:03,large
syd_2024-06-28_22_50_03_extra.jpg,2024,6,28,22:50:03,large
syd_2024-06-28_22_40_03_extra.jpg,2024,6,28,22:40:03,large
syd_2024-06-28_22_30_03.jpg,2024,6,28,22:30:03,large
syd_2024-06-28_22_20_03_extra.jpg,2024,6,28,22:20:03,large
syd_2024-06-28_22_10_03_extra.jpg,2024,6,28,22:10:03,large
syd_2024-06-28_22_00_03.jpg,2024,6,28,22:00:03,large
syd_2024-06-28_21_50_03_extra.jpg,2024,6,28,21:50:03,large
syd_2024-06-28_21_40_03_extra.jpg,2024,6,28,21:40:03,large
syd_2024-06-28_21_30_03.jpg,2024,6,28,21:30:03,large
syd_2024-06-28_21_20_03_extra.jpg,2024,6,28,21:20:03,large
syd_2024-06-28_21_10_03_extra.jpg,2024,6,28,21:10:03,large
syd_2024-06-28_21_00_03.jpg,2024,6,28,21:00:03,large
syd_2024-06-26_23_58_03.jpg,2024,6,26,23:58:03,large
syd_2024-06-26_23_50_03_extra.jpg,2024,6,26,23:50:03,large
syd_2024-06-26_23_40_03_extra.jpg,2024,6,26,23:40:03,large
syd_2024-06-26_23_30_04.jpg,2024,6,26,23:30:04,large
syd_2024-06-26_23_20_03_extra.jpg,2024,6,26,23:20:03,large
syd_2024-06-26_23_10_03_extra.jpg,2024,6,26,23:10:03,large
syd_2024-06-26_23_00_03.jpg,2024,6,26,23:00:03,large
syd_2024-06-26_22_50_03_extra.jpg,2024,6,26,22:50:03,large
syd_2024-06-26_22_40_03_extra.jpg,2024,6,26,22:40:03,large
syd_2024-06-26_22_30_03.jpg,2024,6,26,22:30:03,large
syd_2024-06-26_22_20_04_extra.jpg,2024,6,26,22:20:04,large
syd_2024-06-26_22_10_03_extra.jpg,2024,6,26,22:10:03,large
syd_2024-06-26_22_00_03.jpg,2024,6,26,22:00:03,large
syd_2024-06-26_21_50_03_extra.jpg,2024,6,26,21:50:03,large
syd_2024-06-26_21_40_04_extra.jpg,2024,6,26,21:40:04,large
syd_2024-06-26_21_30_03.jpg,2024,6,26,21:30:03,large
syd_2024-06-26_21_20_03_extra.jpg,2024,6,26,21:20:03,large
syd_2024-06-26_21_10_03_extra.jpg,2024,6,26,21:10:03,large
syd_2024-06-26_21_00_03.jpg,2024,6,26,21:00:03,large
syd_2024-06-24_23_58_03.jpg,2024,6,24,23:58:03,large
syd_2024-06-24_23_50_03_extra.jpg,2024,6,24,23:50:03,large
syd_2024-06-24_23_40_03_extra.jpg,2024,6,24,23:40:03,large
syd_2024-06-24_23_30_03.jpg,2024,6,24,23:30:03,large
syd_2024-06-24_23_20_03_extra.jpg,2024,6,24,23:20:03,large
syd_2024-06-24_23_10_03_extra.jpg,2024,6,24,23:10:03,large
syd_2024-06-24_23_00_03.jpg,2024,6,24,23:00:03,large
syd_2024-06-24_22_50_04_extra.jpg,2024,6,24,22:50:04,large
syd_2024-06-24_22_40_03_extra.jpg,2024,6,24,22:40:03,large
syd_2024-06-24_22_30_03.jpg,2024,6,24,22:30:03,large
syd_2024-06-24_22_20_03_extra.jpg,2024,6,24,22:20:03,large
syd_2024-06-24_22_10_04_extra.jpg,2024,6,24,22:10:04,large
syd_2024-06-24_22_00_03.jpg,2024,6,24,22:00:03,large
syd_2024-06-24_21_50_03_extra.jpg,2024,6,24,21:50:03,large
syd_2024-06-24_21_40_03_extra.jpg,2024,6,24,21:40:03,large
syd_2024-06-24_21_30_03.jpg,2024,6,24,21:30:03,large
syd_2024-06-24_21_20_03_extra.jpg,2024,6,24,21:20:03,large
syd_2024-06-24_21_10_03_extra.jpg,2024,6,24,21:10:03,large
syd_2024-06-24_21_00_04.jpg,2024,6,24,21:00:04,large
ama_2024-06-14_22_50_03_extra.jpg,2024,6,14,22:50:03,medium
ama_2024-06-14_22_40_03_extra.jpg,2024,6,14,22:40:03,medium
ama_2024-06-14_22_30_03.jpg,2024,6,14,22:30:03,medium
ama_2024-06-14_22_20_03_extra.jpg,2024,6,14,22:20:03,medium
ama_2024-06-14_22_10_04_extra.jpg,2024,6,14,22:10:04,medium
ama_2024-06-14_22_00_03.jpg,2024,6,14,22:00:03,medium
ama_2024-06-14_21_50_03_extra.jpg,2024,6,14,21:50:03,medium
ama_2024-06-14_21_40_03_extra.jpg,2024,6,14,21:40:03,medium
ama_2024-06-14_21_30_03.jpg,2024,6,14,21:30:03,medium
ama_2024-06-14_21_20_03_extra.jpg,2024,6,14,21:20:03,medium
ama_2024-06-14_21_10_03_extra.jpg,2024,6,14,21:10:03,medium
ama_2024-06-14_21_00_03.jpg,2024,6,14,21:00:03,medium