image_name,time,counts
ama_2024-06-14_21_00_03.jpg,21_00_03,2
ama_2024-06-14_21_10_03_extra.jpg,21_10_03,2
ama_2024-06-14_21_20_03_extra.jpg,21_20_03,5
ama_2024-06-14_21_30_03.jpg,21_30_03,6
ama_2024-06-14_21_40_03_extra.jpg,21_40_03,3
ama_2024-06-14_21_50_03_extra.jpg,21_50_03,8
ama_2024-06-14_22_00_03.jpg,22_00_03,7
ama_2024-06-14_22_10_04_extra.jpg,22_10_04,7
ama_2024-06-14_22_20_03_extra.jpg,22_20_03,7
ama_2024-06-14_22_30_03.jpg,22_30_03,10
ama_2024-06-14_22_40_03_extra.jpg,22_40_03,13
ama_2024-06-14_22_50_03_extra.jpg,22_50_03,8
ama_2024-06-14_23_00_03.jpg,23_00_03,18
ama_2024-06-14_23_10_03_extra.jpg,23_10_03,11
ama_2024-06-14_23_20_03_extra.jpg,23_20_03,20
ama_2024-06-14_23_30_03.jpg,23_30_03,15
ama_2024-06-14_23_40_04_extra.jpg,23_40_04,14
ama_2024-06-14_23_50_03_extra.jpg,23_50_03,15
ama_2024-06-14_23_58_03.jpg,23_58_03,23
ama_2024-06-17_21_00_03.jpg,21_00_03,5
ama_2024-06-17_21_10_03_extra.jpg,21_10_03,3
ama_2024-06-17_21_20_04_extra.jpg,21_20_04,1
ama_2024-06-17_21_30_03.jpg,21_30_03,6
ama_2024-06-17_21_40_03_extra.jpg,21_40_03,9
ama_2024-06-17_21_50_03_extra.jpg,21_50_03,6
ama_2024-06-17_22_00_03.jpg,22_00_03,7
ama_2024-06-17_22_10_03_extra.jpg,22_10_03,2
ama_2024-06-17_22_20_03_extra.jpg,22_20_03,3
ama_2024-06-17_22_30_03.jpg,22_30_03,7
ama_2024-06-17_22_40_04_extra.jpg,22_40_04,6
ama_2024-06-17_22_50_04_extra.jpg,22_50_04,14
ama_2024-06-17_23_00_04.jpg,23_00_04,19
ama_2024-06-17_23_10_03_extra.jpg,23_10_03,16
ama_2024-06-17_23_20_04_extra.jpg,23_20_04,4
ama_2024-06-17_23_30_03.jpg,23_30_03,3
ama_2024-06-17_23_40_03_extra.jpg,23_40_03,5
ama_2024-06-17_23_50_03_extra.jpg,23_50_03,14
ama_2024-06-17_23_58_03.jpg,23_58_03,12
ama_2024-06-28_23_50_04_extra.jpg,23_50_04,7
ama_2024-06-28_23_58_03.jpg,23_58_03,11
ama_2024-07-01_21_00_03.jpg,21_00_03,5
ama_2024-07-01_21_10_03_extra.jpg,21_10_03,5
ama_2024-07-01_21_20_03_extra.jpg,21_20_03,4
ama_2024-07-01_21_30_03.jpg,21_30_03,6
ama_2024-07-01_21_40_03_extra.jpg,21_40_03,6
ama_2024-07-01_21_50_03_extra.jpg,21_50_03,7
ama_2024-07-01_22_00_03.jpg,22_00_03,5
ama_2024-07-01_22_10_03_extra.jpg,22_10_03,9
ama_2024-07-01_22_20_03_extra.jpg,22_20_03,3
ama_2024-07-01_22_30_03.jpg,22_30_03,8
ama_2024-07-01_22_40_03_extra.jpg,22_40_03,5
ama_2024-07-01_22_50_03_extra.jpg,22_50_03,13
ama_2024-07-01_23_00_03.jpg,23_00_03,6
ama_2024-07-01_23_10_03_extra.jpg,23_10_03,6
ama_2024-07-01_23_20_04_extra.jpg,23_20_04,6
ama_2024-07-01_23_30_03.jpg,23_30_03,5
ama_2024-07-01_23_40_03_extra.jpg,23_40_03,6
ama_2024-07-01_23_50_03_extra.jpg,23_50_03,3
ama_2024-07-01_23_58_03.jpg,23_58_03,2
ama_2024-07-03_21_00_03.jpg,21_00_03,4
ama_2024-07-03_21_10_03_extra.jpg,21_10_03,4
ama_2024-07-03_21_20_03_extra.jpg,21_20_03,5
ama_2024-07-03_21_30_03.jpg,21_30_03,7
ama_2024-07-03_21_40_03_extra.jpg,21_40_03,5
ama_2024-07-03_21_50_03_extra.jpg,21_50_03,6
ama_2024-07-03_22_00_03.jpg,22_00_03,7
ama_2024-07-03_22_10_03_extra.jpg,22_10_03,9
ama_2024-07-03_22_20_03_extra.jpg,22_20_03,7
ama_2024-07-03_22_30_03.jpg,22_30_03,4
ama_2024-07-03_22_40_03_extra.jpg,22_40_03,6
ama_2024-07-03_22_50_03_extra.jpg,22_50_03,9
ama_2024-07-03_23_00_03.jpg,23_00_03,10
ama_2024-07-03_23_10_03_extra.jpg,23_10_03,15
ama_2024-07-03_23_20_03_extra.jpg,23_20_03,18
ama_2024-07-03_23_30_03.jpg,23_30_03,8
ama_2024-07-03_23_40_03_extra.jpg,23_40_03,9
ama_2024-07-03_23_50_03_extra.jpg,23_50_03,1
ama_2024-07-03_23_58_03.jpg,23_58_03,12
ama_2024-07-05_21_00_04.jpg,21_00_04,3
ama_2024-07-05_21_10_03_extra.jpg,21_10_03,4
ama_2024-07-05_21_20_03_extra.jpg,21_20_03,14
ama_2024-07-05_21_30_03.jpg,21_30_03,16
ama_2024-07-05_21_40_03_extra.jpg,21_40_03,13
ama_2024-07-05_21_50_03_extra.jpg,21_50_03,12
ama_2024-07-05_22_00_03.jpg,22_00_03,18
ama_2024-07-05_22_10_03_extra.jpg,22_10_03,20
ama_2024-07-05_22_20_03_extra.jpg,22_20_03,33
ama_2024-07-05_22_30_03.jpg,22_30_03,18
ama_2024-07-05_22_40_03_extra.jpg,22_40_03,41
ama_2024-07-05_22_50_03_extra.jpg,22_50_03,37
ama_2024-07-05_23_00_03.jpg,23_00_03,31
ama_2024-07-05_23_10_03_extra.jpg,23_10_03,47
ama_2024-07-05_23_20_03_extra.jpg,23_20_03,46
ama_2024-07-05_23_30_03.jpg,23_30_03,41
ama_2024-07-05_23_40_03_extra.jpg,23_40_03,44
ama_2024-07-05_23_50_03_extra.jpg,23_50_03,44
ama_2024-07-05_23_58_03.jpg,23_58_03,52
ama_2024-07-08_21_00_03.jpg,21_00_03,4
ama_2024-07-08_21_10_03_extra.jpg,21_10_03,4
ama_2024-07-08_21_20_03_extra.jpg,21_20_03,4
ama_2024-07-08_21_30_03.jpg,21_30_03,4
ama_2024-07-08_21_40_03_extra.jpg,21_40_03,4
ama_2024-07-08_21_50_03_extra.jpg,21_50_03,4
ama_2024-07-08_22_00_03.jpg,22_00_03,4
ama_2024-07-08_22_10_03_extra.jpg,22_10_03,4
ama_2024-07-08_22_20_04_extra.jpg,22_20_04,4
ama_2024-07-08_22_30_03.jpg,22_30_03,4
ama_2024-07-08_22_40_03_extra.jpg,22_40_03,4
ama_2024-07-08_22_50_03_extra.jpg,22_50_03,3
ama_2024-07-08_23_00_03.jpg,23_00_03,4
ama_2024-07-08_23_10_03_extra.jpg,23_10_03,4
ama_2024-07-08_23_20_03_extra.jpg,23_20_03,4
ama_2024-07-08_23_30_03.jpg,23_30_03,4
ama_2024-07-08_23_40_03_extra.jpg,23_40_03,4
ama_2024-07-08_23_50_03_extra.jpg,23_50_03,4
ama_2024-07-08_23_58_03.jpg,23_58_03,4
ama_2024-07-19_21_00_03.jpg,21_00_03,1
ama_2024-07-19_21_10_03_extra.jpg,21_10_03,9
ama_2024-07-19_21_20_03_extra.jpg,21_20_03,7
ama_2024-07-19_21_30_03.jpg,21_30_03,11
ama_2024-07-19_21_40_03_extra.jpg,21_40_03,15
ama_2024-07-19_21_50_03_extra.jpg,21_50_03,11
ama_2024-07-19_22_00_03.jpg,22_00_03,10
ama_2024-07-19_22_10_03_extra.jpg,22_10_03,1
ama_2024-07-19_22_20_03_extra.jpg,22_20_03,11
ama_2024-07-19_22_30_03.jpg,22_30_03,9
ama_2024-07-19_22_40_03_extra.jpg,22_40_03,9
ama_2024-07-19_22_50_03_extra.jpg,22_50_03,19
ama_2024-07-19_23_00_03.jpg,23_00_03,10
ama_2024-07-19_23_10_03_extra.jpg,23_10_03,10
ama_2024-07-19_23_20_03_extra.jpg,23_20_03,12
ama_2024-07-19_23_30_03.jpg,23_30_03,18
ama_2024-07-19_23_40_03_extra.jpg,23_40_03,10
ama_2024-07-19_23_50_03_extra.jpg,23_50_03,13
ama_2024-07-19_23_58_03.jpg,23_58_03,8
car_2024-06-14_21_00_03.jpg,21_00_03,5
car_2024-06-14_21_10_03_extra.jpg,21_10_03,12
car_2024-06-14_21_20_03_extra.jpg,21_20_03,16
car_2024-06-14_21_30_03.jpg,21_30_03,5
car_2024-06-14_21_40_03_extra.jpg,21_40_03,14
car_2024-06-14_21_50_03_extra.jpg,21_50_03,5
car_2024-06-14_22_00_03.jpg,22_00_03,6
car_2024-06-14_22_10_04_extra.jpg,22_10_04,1
car_2024-06-14_22_20_03_extra.jpg,22_20_03,6
car_2024-06-14_22_30_03.jpg,22_30_03,3
car_2024-06-14_22_40_04_extra.jpg,22_40_04,8
car_2024-06-14_22_50_03_extra.jpg,22_50_03,3
car_2024-06-14_23_00_03.jpg,23_00_03,11
car_2024-06-14_23_10_04_extra.jpg,23_10_04,3
car_2024-06-14_23_20_04_extra.jpg,23_20_04,6
car_2024-06-14_23_30_03.jpg,23_30_03,8
car_2024-06-14_23_40_03_extra.jpg,23_40_03,3
car_2024-06-14_23_50_03_extra.jpg,23_50_03,7
car_2024-06-14_23_58_03.jpg,23_58_03,13
car_2024-06-17_21_00_03.jpg,21_00_03,6
car_2024-06-17_21_10_03_extra.jpg,21_10_03,5
car_2024-06-17_21_20_03_extra.jpg,21_20_03,5
car_2024-06-17_21_30_03.jpg,21_30_03,8
car_2024-06-17_21_40_03_extra.jpg,21_40_03,5
car_2024-06-17_21_50_03_extra.jpg,21_50_03,5
car_2024-06-17_22_00_03.jpg,22_00_03,6
car_2024-06-17_22_10_03_extra.jpg,22_10_03,5
car_2024-06-17_22_20_03_extra.jpg,22_20_03,7
car_2024-06-17_22_30_03.jpg,22_30_03,5
car_2024-06-17_22_40_03_extra.jpg,22_40_03,6
car_2024-06-17_22_50_03_extra.jpg,22_50_03,5
car_2024-06-17_23_00_03.jpg,23_00_03,5
car_2024-06-17_23_10_03_extra.jpg,23_10_03,8
car_2024-06-17_23_20_03_extra.jpg,23_20_03,6
car_2024-06-17_23_30_04.jpg,23_30_04,4
car_2024-06-17_23_40_03_extra.jpg,23_40_03,6
car_2024-06-17_23_50_03_extra.jpg,23_50_03,5
car_2024-06-17_23_58_03.jpg,23_58_03,9
car_2024-06-28_21_00_02.jpg,21_00_02,2
car_2024-06-28_21_10_03_extra.jpg,21_10_03,5
car_2024-06-28_21_20_03_extra.jpg,21_20_03,5
car_2024-06-28_21_30_03.jpg,21_30_03,5
car_2024-06-28_21_40_03_extra.jpg,21_40_03,5
car_2024-06-28_21_50_03_extra.jpg,21_50_03,5
car_2024-06-28_22_00_03.jpg,22_00_03,5
car_2024-06-28_22_10_03_extra.jpg,22_10_03,5
car_2024-06-28_22_20_03_extra.jpg,22_20_03,5
car_2024-06-28_22_30_03.jpg,22_30_03,1
car_2024-06-28_22_40_03_extra.jpg,22_40_03,5
car_2024-06-28_22_50_03_extra.jpg,22_50_03,4
car_2024-06-28_23_00_03.jpg,23_00_03,5
car_2024-06-28_23_10_03_extra.jpg,23_10_03,4
car_2024-06-28_23_20_03_extra.jpg,23_20_03,5
car_2024-06-28_23_30_03.jpg,23_30_03,1
car_2024-06-28_23_40_03_extra.jpg,23_40_03,5
car_2024-06-28_23_50_03_extra.jpg,23_50_03,4
car_2024-06-28_23_58_03.jpg,23_58_03,5
car_2024-07-19_21_00_03.jpg,21_00_03,4
car_2024-07-19_21_10_03_extra.jpg,21_10_03,4
car_2024-07-19_21_20_03_extra.jpg,21_20_03,7
car_2024-07-19_21_30_04.jpg,21_30_04,7
car_2024-07-19_21_40_04_extra.jpg,21_40_04,6
car_2024-07-19_21_50_03_extra.jpg,21_50_03,6
car_2024-07-19_22_00_04.jpg,22_00_04,9
car_2024-07-19_22_10_03_extra.jpg,22_10_03,7
car_2024-07-19_22_20_03_extra.jpg,22_20_03,1
car_2024-07-19_22_30_03.jpg,22_30_03,11
car_2024-07-19_22_40_03_extra.jpg,22_40_03,10
car_2024-07-19_22_50_03_extra.jpg,22_50_03,8
car_2024-07-19_23_00_03.jpg,23_00_03,8
car_2024-07-19_23_10_03_extra.jpg,23_10_03,5
car_2024-07-19_23_20_03_extra.jpg,23_20_03,6
car_2024-07-19_23_30_03.jpg,23_30_03,11
car_2024-07-19_23_40_03_extra.jpg,23_40_03,1
car_2024-07-19_23_50_03_extra.jpg,23_50_03,7
car_2024-07-19_23_58_03.jpg,23_58_03,12
car_2024-07-22_21_00_03.jpg,21_00_03,8
car_2024-07-22_21_10_03_extra.jpg,21_10_03,5
car_2024-07-22_21_20_03_extra.jpg,21_20_03,5
car_2024-07-22_21_30_03.jpg,21_30_03,8
car_2024-07-22_21_40_03_extra.jpg,21_40_03,11
car_2024-07-22_21_50_03_extra.jpg,21_50_03,16
car_2024-07-22_22_00_03.jpg,22_00_03,6
car_2024-07-22_22_10_03_extra.jpg,22_10_03,14
car_2024-07-22_22_20_03_extra.jpg,22_20_03,8
car_2024-07-22_22_30_03.jpg,22_30_03,7
car_2024-07-22_22_40_03_extra.jpg,22_40_03,1
car_2024-07-22_22_50_03_extra.jpg,22_50_03,13
car_2024-07-22_23_00_03.jpg,23_00_03,10
car_2024-07-22_23_10_03_extra.jpg,23_10_03,8
car_2024-07-22_23_20_03_extra.jpg,23_20_03,8
car_2024-07-22_23_30_03.jpg,23_30_03,8
car_2024-07-22_23_40_03_extra.jpg,23_40_03,18
car_2024-07-22_23_50_03_extra.jpg,23_50_03,12
car_2024-07-22_23_58_03.jpg,23_58_03,4
car_2024-07-24_21_00_03.jpg,21_00_03,5
car_2024-07-24_21_10_04_extra.jpg,21_10_04,4
car_2024-07-24_21_20_03_extra.jpg,21_20_03,7
car_2024-07-24_21_30_03.jpg,21_30_03,9
car_2024-07-24_21_40_03_extra.jpg,21_40_03,2
car_2024-07-24_21_50_03_extra.jpg,21_50_03,3
car_2024-07-24_22_00_03.jpg,22_00_03,8
car_2024-07-24_22_10_03_extra.jpg,22_10_03,5
car_2024-07-24_22_20_03_extra.jpg,22_20_03,9
car_2024-07-24_22_30_03.jpg,22_30_03,16
car_2024-07-24_22_40_03_extra.jpg,22_40_03,8
car_2024-07-24_22_50_03_extra.jpg,22_50_03,10
car_2024-07-24_23_00_03.jpg,23_00_03,11
car_2024-07-24_23_10_03_extra.jpg,23_10_03,10
car_2024-07-24_23_20_03_extra.jpg,23_20_03,1
car_2024-07-24_23_30_03.jpg,23_30_03,18
car_2024-07-24_23_40_03_extra.jpg,23_40_03,15
car_2024-07-24_23_50_03_extra.jpg,23_50_03,10
car_2024-07-24_23_58_03.jpg,23_58_03,6
car_2024-07-26_21_00_04.jpg,21_00_04,4
car_2024-07-26_21_10_03_extra.jpg,21_10_03,1
car_2024-07-26_21_20_03_extra.jpg,21_20_03,7
car_2024-07-26_21_30_03.jpg,21_30_03,18
car_2024-07-26_21_40_03_extra.jpg,21_40_03,5
car_2024-07-26_21_50_03_extra.jpg,21_50_03,9
car_2024-07-26_22_00_03.jpg,22_00_03,15
car_2024-07-26_22_10_03_extra.jpg,22_10_03,9
car_2024-07-26_22_20_03_extra.jpg,22_20_03,14
car_2024-07-26_22_30_03.jpg,22_30_03,10
car_2024-07-26_22_40_04_extra.jpg,22_40_04,15
car_2024-07-26_23_00_03.jpg,23_00_03,16
car_2024-07-26_23_10_03_extra.jpg,23_10_03,26
car_2024-07-26_23_20_03_extra.jpg,23_20_03,14
car_2024-07-26_23_30_03.jpg,23_30_03,18
car_2024-07-26_23_40_03_extra.jpg,23_40_03,12
car_2024-07-26_23_50_03_extra.jpg,23_50_03,11
car_2024-07-26_23_58_03.jpg,23_58_03,18
car_2024-07-29_21_00_03.jpg,21_00_03,6
car_2024-07-29_21_10_03_extra.jpg,21_10_03,4
car_2024-07-29_21_20_03_extra.jpg,21_20_03,4
car_2024-07-29_21_30_03.jpg,21_30_03,7
car_2024-07-29_21_40_03_extra.jpg,21_40_03,6
car_2024-07-29_21_50_03_extra.jpg,21_50_03,9
car_2024-07-29_22_00_03.jpg,22_00_03,6
car_2024-07-29_22_10_04_extra.jpg,22_10_04,8
car_2024-07-29_22_20_03_extra.jpg,22_20_03,8
car_2024-07-29_22_30_03.jpg,22_30_03,9
car_2024-07-29_22_40_03_extra.jpg,22_40_03,8
car_2024-07-29_22_50_04_extra.jpg,22_50_04,11
car_2024-07-29_23_00_03.jpg,23_00_03,4
car_2024-07-29_23_10_03_extra.jpg,23_10_03,15
car_2024-07-29_23_20_03_extra.jpg,23_20_03,1
car_2024-07-29_23_30_03.jpg,23_30_03,1
car_2024-07-29_23_40_03_extra.jpg,23_40_03,6
car_2024-07-29_23_50_03_extra.jpg,23_50_03,5
car_2024-07-29_23_58_03.jpg,23_58_03,17
car_2024-07-31_21_00_03.jpg,21_00_03,8
car_2024-07-31_21_10_03_extra.jpg,21_10_03,8
car_2024-07-31_21_30_03.jpg,21_30_03,2
car_2024-07-31_21_40_03_extra.jpg,21_40_03,3
car_2024-07-31_21_50_03_extra.jpg,21_50_03,14
car_2024-07-31_22_00_03.jpg,22_00_03,12
car_2024-07-31_22_10_03_extra.jpg,22_10_03,1
car_2024-07-31_22_20_03_extra.jpg,22_20_03,9
car_2024-07-31_22_30_03.jpg,22_30_03,13
car_2024-07-31_22_40_03_extra.jpg,22_40_03,16
car_2024-07-31_22_50_03_extra.jpg,22_50_03,19
car_2024-07-31_23_00_03.jpg,23_00_03,11
car_2024-07-31_23_10_03_extra.jpg,23_10_03,8
car_2024-07-31_23_20_03_extra.jpg,23_20_03,25
car_2024-07-31_23_30_03.jpg,23_30_03,7
car_2024-07-31_23_40_03_extra.jpg,23_40_03,4
car_2024-07-31_23_50_03_extra.jpg,23_50_03,16
car_2024-07-31_23_58_03.jpg,23_58_03,11
car_2024-08-05_21_00_03.jpg,21_00_03,7
car_2024-08-05_21_10_03_extra.jpg,21_10_03,4
car_2024-08-05_21_20_03_extra.jpg,21_20_03,2
car_2024-08-05_21_30_03.jpg,21_30_03,7
car_2024-08-05_21_40_03_extra.jpg,21_40_03,6
car_2024-08-05_21_50_03_extra.jpg,21_50_03,5
car_2024-08-05_22_00_03.jpg,22_00_03,12
car_2024-08-05_22_10_03_extra.jpg,22_10_03,21
car_2024-08-05_22_20_03_extra.jpg,22_20_03,10
car_2024-08-05_22_30_03.jpg,22_30_03,12
car_2024-08-05_22_40_03_extra.jpg,22_40_03,11
car_2024-08-05_22_50_03_extra.jpg,22_50_03,8
car_2024-08-05_23_00_03.jpg,23_00_03,4
car_2024-08-05_23_10_03_extra.jpg,23_10_03,2
car_2024-08-05_23_20_03_extra.jpg,23_20_03,14
car_2024-08-05_23_30_03.jpg,23_30_03,9
car_2024-08-05_23_40_03_extra.jpg,23_40_03,9
car_2024-08-05_23_50_03_extra.jpg,23_50_03,1
car_2024-08-05_23_58_03.jpg,23_58_03,5
car_2024-08-07_21_00_03.jpg,21_00_03,4
car_2024-08-07_21_10_03_extra.jpg,21_10_03,4
car_2024-08-07_21_20_04_extra.jpg,21_20_04,2
car_2024-08-07_21_30_03.jpg,21_30_03,2
car_2024-08-07_21_40_03_extra.jpg,21_40_03,3
car_2024-08-07_21_50_03_extra.jpg,21_50_03,4
car_2024-08-07_22_00_03.jpg,22_00_03,1
car_2024-08-07_22_10_03_extra.jpg,22_10_03,4
car_2024-08-07_22_20_03_extra.jpg,22_20_03,6
car_2024-08-07_22_30_03.jpg,22_30_03,6
car_2024-08-07_22_40_03_extra.jpg,22_40_03,4
car_2024-08-07_22_50_03_extra.jpg,22_50_03,7
car_2024-08-07_23_00_03.jpg,23_00_03,5
car_2024-08-07_23_10_03_extra.jpg,23_10_03,12
car_2024-08-07_23_20_03_extra.jpg,23_20_03,13
car_2024-08-07_23_30_04.jpg,23_30_04,7
car_2024-08-07_23_40_03_extra.jpg,23_40_03,6
car_2024-08-07_23_50_03_extra.jpg,23_50_03,11
car_2024-08-07_23_58_03.jpg,23_58_03,3
car_2024-08-09_21_00_02.jpg,21_00_02,7
car_2024-08-09_21_10_03_extra.jpg,21_10_03,8
car_2024-08-09_21_20_03_extra.jpg,21_20_03,10
car_2024-08-09_21_30_03.jpg,21_30_03,26
car_2024-08-09_21_40_03_extra.jpg,21_40_03,41
car_2024-08-09_21_50_03_extra.jpg,21_50_03,14
car_2024-08-09_22_00_03.jpg,22_00_03,12
car_2024-08-09_22_10_03_extra.jpg,22_10_03,38
car_2024-08-09_22_20_03_extra.jpg,22_20_03,31
car_2024-08-09_22_30_03.jpg,22_30_03,30
car_2024-08-09_22_40_03_extra.jpg,22_40_03,22
car_2024-08-09_22_50_03_extra.jpg,22_50_03,24
car_2024-08-09_23_00_03.jpg,23_00_03,12
car_2024-08-09_23_10_03_extra.jpg,23_10_03,16
car_2024-08-09_23_20_03_extra.jpg,23_20_03,13
car_2024-08-09_23_30_03.jpg,23_30_03,30
car_2024-08-09_23_40_04_extra.jpg,23_40_04,17
car_2024-08-09_23_50_03_extra.jpg,23_50_03,18
car_2024-08-09_23_58_03.jpg,23_58_03,12
car_2024-08-12_21_00_03.jpg,21_00_03,7
car_2024-08-12_21_10_03_extra.jpg,21_10_03,7
car_2024-08-12_21_20_03_extra.jpg,21_20_03,5
car_2024-08-12_21_30_03.jpg,21_30_03,11
car_2024-08-12_21_40_03_extra.jpg,21_40_03,4
car_2024-08-12_21_50_03_extra.jpg,21_50_03,10
car_2024-08-12_22_00_03.jpg,22_00_03,9
car_2024-08-12_22_10_03_extra.jpg,22_10_03,9
car_2024-08-12_22_20_03_extra.jpg,22_20_03,8
car_2024-08-12_22_30_03.jpg,22_30_03,9
car_2024-08-12_22_40_03_extra.jpg,22_40_03,4
car_2024-08-12_22_50_03_extra.jpg,22_50_03,12
car_2024-08-12_23_00_03.jpg,23_00_03,3
car_2024-08-12_23_10_03_extra.jpg,23_10_03,3
car_2024-08-12_23_20_03_extra.jpg,23_20_03,6
car_2024-08-12_23_30_03.jpg,23_30_03,7
car_2024-08-12_23_40_03_extra.jpg,23_40_03,3
car_2024-08-12_23_50_03_extra.jpg,23_50_03,9
car_2024-08-12_23_58_03.jpg,23_58_03,10
car_2024-08-14_21_00_03.jpg,21_00_03,8
car_2024-08-14_21_10_03_extra.jpg,21_10_03,7
car_2024-08-14_21_20_03_extra.jpg,21_20_03,10
car_2024-08-14_21_30_03.jpg,21_30_03,6
car_2024-08-14_21_40_03_extra.jpg,21_40_03,8
car_2024-08-14_21_50_03_extra.jpg,21_50_03,9
car_2024-08-14_22_00_03.jpg,22_00_03,9
car_2024-08-14_22_10_03_extra.jpg,22_10_03,10
car_2024-08-14_22_20_03_extra.jpg,22_20_03,6
car_2024-08-14_22_30_03.jpg,22_30_03,8
car_2024-08-14_22_40_03_extra.jpg,22_40_03,6
car_2024-08-14_22_50_03_extra.jpg,22_50_03,10
car_2024-08-14_23_00_04.jpg,23_00_04,15
car_2024-08-14_23_10_03_extra.jpg,23_10_03,12
car_2024-08-14_23_20_03_extra.jpg,23_20_03,10
car_2024-08-14_23_30_03.jpg,23_30_03,9
car_2024-08-14_23_40_03_extra.jpg,23_40_03,16
car_2024-08-14_23_50_03_extra.jpg,23_50_03,10
car_2024-08-14_23_58_03.jpg,23_58_03,5
car_2024-08-16_21_00_03.jpg,21_00_03,3
car_2024-08-16_21_10_03_extra.jpg,21_10_03,2
car_2024-08-16_21_20_03_extra.jpg,21_20_03,11
car_2024-08-16_21_30_03.jpg,21_30_03,5
car_2024-08-16_21_40_03_extra.jpg,21_40_03,9
car_2024-08-16_21_50_04_extra.jpg,21_50_04,4
car_2024-08-16_22_00_03.jpg,22_00_03,5
car_2024-08-16_22_10_03_extra.jpg,22_10_03,3
car_2024-08-16_22_20_03_extra.jpg,22_20_03,1
car_2024-08-16_22_30_03.jpg,22_30_03,7
car_2024-08-16_22_40_03_extra.jpg,22_40_03,13
car_2024-08-16_22_50_03_extra.jpg,22_50_03,9
car_2024-08-16_23_00_03.jpg,23_00_03,7
car_2024-08-16_23_10_03_extra.jpg,23_10_03,5
car_2024-08-16_23_20_03_extra.jpg,23_20_03,9
car_2024-08-16_23_30_03.jpg,23_30_03,6
car_2024-08-16_23_40_03_extra.jpg,23_40_03,16
car_2024-08-16_23_50_03_extra.jpg,23_50_03,7
car_2024-08-16_23_58_03.jpg,23_58_03,16
car_2024-08-19_21_00_03.jpg,21_00_03,6
car_2024-08-19_21_10_03_extra.jpg,21_10_03,8
car_2024-08-19_21_20_03_extra.jpg,21_20_03,5
car_2024-08-19_21_30_03.jpg,21_30_03,8
car_2024-08-19_21_40_03_extra.jpg,21_40_03,10
car_2024-08-19_21_50_03_extra.jpg,21_50_03,6
car_2024-08-19_22_00_03.jpg,22_00_03,6
car_2024-08-19_22_10_03_extra.jpg,22_10_03,10
car_2024-08-19_22_20_04_extra.jpg,22_20_04,3
car_2024-08-19_22_30_04.jpg,22_30_04,9
car_2024-08-19_22_40_03_extra.jpg,22_40_03,5
car_2024-08-19_22_50_03_extra.jpg,22_50_03,3
car_2024-08-19_23_00_03.jpg,23_00_03,4
car_2024-08-19_23_10_03_extra.jpg,23_10_03,8
car_2024-08-19_23_20_03_extra.jpg,23_20_03,8
car_2024-08-19_23_30_03.jpg,23_30_03,2
car_2024-08-19_23_40_03_extra.jpg,23_40_03,9
car_2024-08-19_23_50_03_extra.jpg,23_50_03,7
car_2024-08-19_23_58_04.jpg,23_58_04,7
car_2024-08-21_21_00_02.jpg,21_00_02,1
car_2024-08-21_21_10_03_extra.jpg,21_10_03,6
car_2024-08-21_21_20_03_extra.jpg,21_20_03,7
car_2024-08-21_21_30_03.jpg,21_30_03,6
car_2024-08-21_21_40_03_extra.jpg,21_40_03,5
car_2024-08-21_21_50_03_extra.jpg,21_50_03,7
car_2024-08-21_22_00_03.jpg,22_00_03,8
car_2024-08-21_22_10_03_extra.jpg,22_10_03,4
car_2024-08-21_22_20_03_extra.jpg,22_20_03,6
car_2024-08-21_22_30_03.jpg,22_30_03,8
car_2024-08-21_22_40_03_extra.jpg,22_40_03,2
car_2024-08-21_22_50_04_extra.jpg,22_50_04,6
car_2024-08-21_23_00_03.jpg,23_00_03,6
car_2024-08-21_23_10_03_extra.jpg,23_10_03,5
car_2024-08-21_23_20_03_extra.jpg,23_20_03,5
car_2024-08-21_23_30_03.jpg,23_30_03,3
car_2024-08-21_23_40_03_extra.jpg,23_40_03,2
car_2024-08-21_23_50_03_extra.jpg,23_50_03,2
car_2024-08-21_23_58_03.jpg,23_58_03,3
car_2024-08-23_21_00_03.jpg,21_00_03,6
car_2024-08-23_21_10_03_extra.jpg,21_10_03,6
car_2024-08-23_21_20_03_extra.jpg,21_20_03,7
car_2024-08-23_21_30_04.jpg,21_30_04,8
car_2024-08-23_21_40_03_extra.jpg,21_40_03,5
car_2024-08-23_21_50_03_extra.jpg,21_50_03,3
car_2024-08-23_22_00_03.jpg,22_00_03,7
car_2024-08-23_22_10_03_extra.jpg,22_10_03,3
car_2024-08-23_22_20_03_extra.jpg,22_20_03,5
car_2024-08-23_22_30_03.jpg,22_30_03,9
car_2024-08-23_22_40_03_extra.jpg,22_40_03,10
car_2024-08-23_22_50_03_extra.jpg,22_50_03,15
car_2024-08-23_23_00_03.jpg,23_00_03,15
car_2024-08-23_23_10_03_extra.jpg,23_10_03,13
car_2024-08-23_23_20_03_extra.jpg,23_20_03,11
car_2024-08-23_23_30_03.jpg,23_30_03,9
car_2024-08-23_23_40_03_extra.jpg,23_40_03,15
car_2024-08-23_23_50_03_extra.jpg,23_50_03,10
car_2024-08-23_23_58_03.jpg,23_58_03,8
car_2024-08-26_21_00_04.jpg,21_00_04,4
car_2024-08-26_21_10_03_extra.jpg,21_10_03,6
car_2024-08-26_21_20_03_extra.jpg,21_20_03,6
car_2024-08-26_21_30_03.jpg,21_30_03,10
car_2024-08-26_21_40_03_extra.jpg,21_40_03,6
car_2024-08-26_21_50_03_extra.jpg,21_50_03,13
car_2024-08-26_22_00_03.jpg,22_00_03,7
car_2024-08-26_22_10_03_extra.jpg,22_10_03,5
car_2024-08-26_22_20_03_extra.jpg,22_20_03,3
car_2024-08-26_22_30_03.jpg,22_30_03,8
car_2024-08-26_22_40_03_extra.jpg,22_40_03,8
car_2024-08-26_22_50_03_extra.jpg,22_50_03,7
car_2024-08-26_23_00_03.jpg,23_00_03,6
car_2024-08-26_23_10_03_extra.jpg,23_10_03,7
car_2024-08-26_23_20_03_extra.jpg,23_20_03,9
car_2024-08-26_23_30_03.jpg,23_30_03,9
car_2024-08-26_23_40_03_extra.jpg,23_40_03,11
car_2024-08-26_23_50_03_extra.jpg,23_50_03,4
car_2024-08-26_23_58_03.jpg,23_58_03,13
car_2024-08-28_21_00_03.jpg,21_00_03,5
car_2024-08-28_21_10_03_extra.jpg,21_10_03,12
car_2024-08-28_21_20_04_extra.jpg,21_20_04,15
car_2024-08-28_21_30_03.jpg,21_30_03,6
car_2024-08-28_21_40_03_extra.jpg,21_40_03,6
car_2024-08-28_21_50_03_extra.jpg,21_50_03,12
car_2024-08-28_22_00_03.jpg,22_00_03,15
car_2024-08-28_22_10_03_extra.jpg,22_10_03,14
car_2024-08-28_22_20_03_extra.jpg,22_20_03,11
car_2024-08-28_22_30_03.jpg,22_30_03,14
car_2024-08-28_22_40_03_extra.jpg,22_40_03,24
car_2024-08-28_22_50_03_extra.jpg,22_50_03,20
car_2024-08-28_23_00_04.jpg,23_00_04,18
car_2024-08-28_23_10_03_extra.jpg,23_10_03,14
car_2024-08-28_23_20_03_extra.jpg,23_20_03,17
car_2024-08-28_23_30_03.jpg,23_30_03,22
car_2024-08-28_23_40_03_extra.jpg,23_40_03,21
car_2024-08-28_23_50_03_extra.jpg,23_50_03,15
car_2024-08-28_23_58_03.jpg,23_58_03,14
car_2024-08-30_21_00_03.jpg,21_00_03,6
car_2024-08-30_21_10_03_extra.jpg,21_10_03,3
car_2024-08-30_21_20_03_extra.jpg,21_20_03,5
car_2024-08-30_21_30_03.jpg,21_30_03,7
car_2024-08-30_21_40_03_extra.jpg,21_40_03,10
car_2024-08-30_21_50_03_extra.jpg,21_50_03,7
car_2024-08-30_22_00_03.jpg,22_00_03,6
car_2024-08-30_22_10_03_extra.jpg,22_10_03,8
car_2024-08-30_22_20_03_extra.jpg,22_20_03,7
car_2024-08-30_22_30_03.jpg,22_30_03,6
car_2024-08-30_22_40_03_extra.jpg,22_40_03,7
car_2024-08-30_22_50_03_extra.jpg,22_50_03,7
car_2024-08-30_23_00_03.jpg,23_00_03,10
car_2024-08-30_23_10_03_extra.jpg,23_10_03,6
car_2024-08-30_23_20_03_extra.jpg,23_20_03,6
car_2024-08-30_23_30_03.jpg,23_30_03,8
car_2024-08-30_23_40_03_extra.jpg,23_40_03,6
car_2024-08-30_23_50_03_extra.jpg,23_50_03,9
car_2024-08-30_23_58_03.jpg,23_58_03,9
car_2024-09-02_21_00_03.jpg,21_00_03,14
car_2024-09-02_21_10_03_extra.jpg,21_10_03,12
car_2024-09-02_21_20_03_extra.jpg,21_20_03,11
car_2024-09-02_21_30_03.jpg,21_30_03,1
car_2024-09-02_21_40_03_extra.jpg,21_40_03,9
car_2024-09-02_21_50_03_extra.jpg,21_50_03,11
car_2024-09-02_22_00_03.jpg,22_00_03,8
car_2024-09-02_22_10_03_extra.jpg,22_10_03,9
car_2024-09-02_22_20_03_extra.jpg,22_20_03,8
car_2024-09-02_22_30_03.jpg,22_30_03,10
car_2024-09-02_22_40_03_extra.jpg,22_40_03,15
car_2024-09-02_22_50_03_extra.jpg,22_50_03,20
car_2024-09-02_23_00_03.jpg,23_00_03,14
car_2024-09-02_23_10_03_extra.jpg,23_10_03,20
car_2024-09-02_23_20_03_extra.jpg,23_20_03,19
car_2024-09-02_23_30_03.jpg,23_30_03,14
car_2024-09-02_23_40_03_extra.jpg,23_40_03,17
car_2024-09-02_23_50_03_extra.jpg,23_50_03,27
car_2024-09-02_23_58_03.jpg,23_58_03,9
car_2024-09-04_21_00_03.jpg,21_00_03,4
car_2024-09-04_21_10_03_extra.jpg,21_10_03,4
car_2024-09-04_21_20_03_extra.jpg,21_20_03,4
car_2024-09-04_21_30_03.jpg,21_30_03,5
car_2024-09-04_21_40_03_extra.jpg,21_40_03,4
car_2024-09-04_21_50_03_extra.jpg,21_50_03,4
car_2024-09-04_22_00_03.jpg,22_00_03,5
car_2024-09-04_22_10_03_extra.jpg,22_10_03,4
car_2024-09-04_22_20_03_extra.jpg,22_20_03,5
car_2024-09-04_22_30_03.jpg,22_30_03,4
car_2024-09-04_22_40_03_extra.jpg,22_40_03,4
car_2024-09-04_22_50_04_extra.jpg,22_50_04,4
car_2024-09-04_23_00_03.jpg,23_00_03,4
car_2024-09-04_23_10_03_extra.jpg,23_10_03,4
car_2024-09-04_23_20_03_extra.jpg,23_20_03,4
car_2024-09-04_23_30_03.jpg,23_30_03,4
car_2024-09-04_23_40_03_extra.jpg,23_40_03,5
car_2024-09-04_23_50_03_extra.jpg,23_50_03,5
car_2024-09-04_23_58_03.jpg,23_58_03,4
car_2024-09-06_21_00_03.jpg,21_00_03,5
car_2024-09-06_21_10_03_extra.jpg,21_10_03,1
car_2024-09-06_21_20_03_extra.jpg,21_20_03,5
car_2024-09-06_21_30_03.jpg,21_30_03,2
car_2024-09-06_21_50_03_extra.jpg,21_50_03,6
car_2024-09-06_22_00_03.jpg,22_00_03,8
car_2024-09-06_22_10_04_extra.jpg,22_10_04,7
car_2024-09-06_22_20_03_extra.jpg,22_20_03,7
car_2024-09-06_22_30_03.jpg,22_30_03,4
car_2024-09-06_22_40_03_extra.jpg,22_40_03,5
car_2024-09-06_22_50_03_extra.jpg,22_50_03,9
car_2024-09-06_23_00_03.jpg,23_00_03,6
car_2024-09-06_23_10_03_extra.jpg,23_10_03,7
car_2024-09-06_23_20_03_extra.jpg,23_20_03,11
car_2024-09-06_23_30_03.jpg,23_30_03,9
car_2024-09-06_23_40_03_extra.jpg,23_40_03,8
car_2024-09-06_23_50_03_extra.jpg,23_50_03,5
car_2024-09-11_21_00_03.jpg,21_00_03,6
car_2024-09-11_21_10_03_extra.jpg,21_10_03,11
car_2024-09-11_21_20_03_extra.jpg,21_20_03,3
car_2024-09-11_21_30_03.jpg,21_30_03,9
car_2024-09-11_21_40_03_extra.jpg,21_40_03,11
car_2024-09-11_21_50_03_extra.jpg,21_50_03,3
car_2024-09-11_22_00_03.jpg,22_00_03,4
car_2024-09-11_22_10_03_extra.jpg,22_10_03,7
car_2024-09-11_22_20_03_extra.jpg,22_20_03,8
car_2024-09-11_22_30_03.jpg,22_30_03,6
car_2024-09-11_22_40_03_extra.jpg,22_40_03,16
car_2024-09-11_22_50_03_extra.jpg,22_50_03,12
car_2024-09-11_23_00_03.jpg,23_00_03,9
car_2024-09-11_23_10_03_extra.jpg,23_10_03,6
car_2024-09-11_23_20_03_extra.jpg,23_20_03,15
car_2024-09-11_23_30_03.jpg,23_30_03,11
car_2024-09-11_23_40_03_extra.jpg,23_40_03,9
car_2024-09-13_21_00_03.jpg,21_00_03,5
car_2024-09-13_21_10_03_extra.jpg,21_10_03,2
car_2024-09-13_21_20_03_extra.jpg,21_20_03,6
car_2024-09-13_21_30_03.jpg,21_30_03,10
car_2024-09-13_21_40_03_extra.jpg,21_40_03,3
car_2024-09-13_21_50_03_extra.jpg,21_50_03,14
car_2024-09-13_22_00_03.jpg,22_00_03,2
car_2024-09-13_22_10_03_extra.jpg,22_10_03,5
car_2024-09-13_22_20_03_extra.jpg,22_20_03,11
car_2024-09-13_22_30_03.jpg,22_30_03,2
car_2024-09-13_22_40_03_extra.jpg,22_40_03,4
car_2024-09-13_22_50_03_extra.jpg,22_50_03,8
car_2024-09-13_23_00_03.jpg,23_00_03,8
car_2024-09-13_23_10_03_extra.jpg,23_10_03,7
car_2024-09-13_23_20_03_extra.jpg,23_20_03,5
car_2024-09-13_23_30_03.jpg,23_30_03,12
syd_2024-06-14_21_00_03.jpg,21_00_03,4
syd_2024-06-14_21_10_03_extra.jpg,21_10_03,7
syd_2024-06-14_21_20_03_extra.jpg,21_20_03,4
syd_2024-06-14_21_30_03.jpg,21_30_03,5
syd_2024-06-14_21_40_03_extra.jpg,21_40_03,6
syd_2024-06-14_21_50_03_extra.jpg,21_50_03,7
syd_2024-06-14_22_00_03.jpg,22_00_03,9
syd_2024-06-14_22_10_03_extra.jpg,22_10_03,10
syd_2024-06-14_22_20_03_extra.jpg,22_20_03,8
syd_2024-06-14_22_30_03.jpg,22_30_03,9
syd_2024-06-14_22_40_03_extra.jpg,22_40_03,20
syd_2024-06-14_22_50_03_extra.jpg,22_50_03,14
syd_2024-06-14_23_00_03.jpg,23_00_03,4
syd_2024-06-14_23_10_03_extra.jpg,23_10_03,11
syd_2024-06-14_23_20_03_extra.jpg,23_20_03,16
syd_2024-06-14_23_30_03.jpg,23_30_03,9
syd_2024-06-14_23_40_03_extra.jpg,23_40_03,13
syd_2024-06-14_23_50_03_extra.jpg,23_50_03,14
syd_2024-06-14_23_58_03.jpg,23_58_03,12
syd_2024-06-24_21_00_04.jpg,21_00_04,4
syd_2024-06-24_21_10_03_extra.jpg,21_10_03,3
syd_2024-06-24_21_20_03_extra.jpg,21_20_03,4
syd_2024-06-24_21_30_03.jpg,21_30_03,5
syd_2024-06-24_21_40_03_extra.jpg,21_40_03,4
syd_2024-06-24_21_50_03_extra.jpg,21_50_03,4
syd_2024-06-24_22_00_03.jpg,22_00_03,8
syd_2024-06-24_22_10_04_extra.jpg,22_10_04,4
syd_2024-06-24_22_20_03_extra.jpg,22_20_03,2
syd_2024-06-24_22_30_03.jpg,22_30_03,2
syd_2024-06-24_22_40_03_extra.jpg,22_40_03,7
syd_2024-06-24_22_50_04_extra.jpg,22_50_04,4
syd_2024-06-24_23_00_03.jpg,23_00_03,8
syd_2024-06-24_23_10_03_extra.jpg,23_10_03,6
syd_2024-06-24_23_20_03_extra.jpg,23_20_03,7
syd_2024-06-24_23_30_03.jpg,23_30_03,4
syd_2024-06-24_23_40_03_extra.jpg,23_40_03,7
syd_2024-06-24_23_50_03_extra.jpg,23_50_03,8
syd_2024-06-24_23_58_03.jpg,23_58_03,6
syd_2024-06-26_21_00_03.jpg,21_00_03,4
syd_2024-06-26_21_10_03_extra.jpg,21_10_03,5
syd_2024-06-26_21_20_03_extra.jpg,21_20_03,5
syd_2024-06-26_21_30_03.jpg,21_30_03,15
syd_2024-06-26_21_40_04_extra.jpg,21_40_04,16
syd_2024-06-26_21_50_03_extra.jpg,21_50_03,30
syd_2024-06-26_22_00_03.jpg,22_00_03,21
syd_2024-06-26_22_10_03_extra.jpg,22_10_03,7
syd_2024-06-26_22_20_04_extra.jpg,22_20_04,9
syd_2024-06-26_22_30_03.jpg,22_30_03,16
syd_2024-06-26_22_40_03_extra.jpg,22_40_03,16
syd_2024-06-26_22_50_03_extra.jpg,22_50_03,16
syd_2024-06-26_23_00_03.jpg,23_00_03,20
syd_2024-06-26_23_10_03_extra.jpg,23_10_03,21
syd_2024-06-26_23_20_03_extra.jpg,23_20_03,29
syd_2024-06-26_23_30_04.jpg,23_30_04,20
syd_2024-06-26_23_40_03_extra.jpg,23_40_03,22
syd_2024-06-26_23_50_03_extra.jpg,23_50_03,16
syd_2024-06-26_23_58_03.jpg,23_58_03,9
syd_2024-06-28_21_00_03.jpg,21_00_03,1
syd_2024-06-28_21_10_03_extra.jpg,21_10_03,2
syd_2024-06-28_21_20_03_extra.jpg,21_20_03,3
syd_2024-06-28_21_30_03.jpg,21_30_03,4
syd_2024-06-28_21_40_03_extra.jpg,21_40_03,3
syd_2024-06-28_21_50_03_extra.jpg,21_50_03,3
syd_2024-06-28_22_00_03.jpg,22_00_03,7
syd_2024-06-28_22_10_03_extra.jpg,22_10_03,2
syd_2024-06-28_22_20_03_extra.jpg,22_20_03,3
syd_2024-06-28_22_30_03.jpg,22_30_03,4
syd_2024-06-28_22_40_03_extra.jpg,22_40_03,4
syd_2024-06-28_22_50_03_extra.jpg,22_50_03,2
syd_2024-06-28_23_00_03.jpg,23_00_03,5
syd_2024-06-28_23_10_04_extra.jpg,23_10_04,9
syd_2024-06-28_23_20_03_extra.jpg,23_20_03,12
syd_2024-06-28_23_30_03.jpg,23_30_03,7
syd_2024-06-28_23_40_03_extra.jpg,23_40_03,11
syd_2024-06-28_23_50_03_extra.jpg,23_50_03,6
syd_2024-06-28_23_58_04.jpg,23_58_04,9
syd_2024-07-01_21_00_03.jpg,21_00_03,4
syd_2024-07-01_21_10_03_extra.jpg,21_10_03,4
syd_2024-07-01_21_20_04_extra.jpg,21_20_04,4
syd_2024-07-01_21_30_03.jpg,21_30_03,2
syd_2024-07-01_21_40_03_extra.jpg,21_40_03,6
syd_2024-07-01_21_50_03_extra.jpg,21_50_03,7
syd_2024-07-01_22_00_03.jpg,22_00_03,4
syd_2024-07-01_22_10_03_extra.jpg,22_10_03,4
syd_2024-07-01_22_20_03_extra.jpg,22_20_03,5
syd_2024-07-01_22_30_03.jpg,22_30_03,4
syd_2024-07-01_22_40_03_extra.jpg,22_40_03,4
syd_2024-07-01_22_50_03_extra.jpg,22_50_03,7
syd_2024-07-01_23_00_03.jpg,23_00_03,5
syd_2024-07-01_23_10_03_extra.jpg,23_10_03,5
syd_2024-07-01_23_20_03_extra.jpg,23_20_03,8
syd_2024-07-01_23_30_04.jpg,23_30_04,6
syd_2024-07-01_23_40_03_extra.jpg,23_40_03,6
syd_2024-07-01_23_50_03_extra.jpg,23_50_03,7
syd_2024-07-01_23_58_03.jpg,23_58_03,5
syd_2024-07-03_21_00_02.jpg,21_00_02,5
syd_2024-07-03_21_10_03_extra.jpg,21_10_03,4
syd_2024-07-03_21_20_03_extra.jpg,21_20_03,9
syd_2024-07-03_21_30_03.jpg,21_30_03,9
syd_2024-07-03_21_40_04_extra.jpg,21_40_04,17
syd_2024-07-03_21_50_03_extra.jpg,21_50_03,9
syd_2024-07-03_22_00_03.jpg,22_00_03,13
syd_2024-07-03_22_10_04_extra.jpg,22_10_04,20
syd_2024-07-03_22_20_03_extra.jpg,22_20_03,25
syd_2024-07-03_22_30_03.jpg,22_30_03,19
syd_2024-07-03_22_40_03_extra.jpg,22_40_03,21
syd_2024-07-03_22_50_04_extra.jpg,22_50_04,25
syd_2024-07-03_23_00_03.jpg,23_00_03,24
syd_2024-07-03_23_10_03_extra.jpg,23_10_03,24
syd_2024-07-03_23_20_03_extra.jpg,23_20_03,18
syd_2024-07-03_23_30_03.jpg,23_30_03,17
syd_2024-07-03_23_40_03_extra.jpg,23_40_03,26
syd_2024-07-03_23_50_03_extra.jpg,23_50_03,3
syd_2024-07-03_23_58_03.jpg,23_58_03,12
syd_2024-07-05_21_00_03.jpg,21_00_03,2
syd_2024-07-05_21_10_03_extra.jpg,21_10_03,9
syd_2024-07-05_21_20_03_extra.jpg,21_20_03,14
syd_2024-07-05_21_30_03.jpg,21_30_03,20
syd_2024-07-05_21_40_03_extra.jpg,21_40_03,24
syd_2024-07-05_21_50_03_extra.jpg,21_50_03,26
syd_2024-07-05_22_00_03.jpg,22_00_03,33
syd_2024-07-05_22_10_03_extra.jpg,22_10_03,26
syd_2024-07-05_22_20_03_extra.jpg,22_20_03,23
syd_2024-07-05_22_30_03.jpg,22_30_03,28
syd_2024-07-05_22_40_03_extra.jpg,22_40_03,37
syd_2024-07-05_22_50_03_extra.jpg,22_50_03,36
syd_2024-07-05_23_00_03.jpg,23_00_03,33
syd_2024-07-05_23_10_03_extra.jpg,23_10_03,40
syd_2024-07-05_23_20_04_extra.jpg,23_20_04,45
syd_2024-07-05_23_30_03.jpg,23_30_03,43
syd_2024-07-05_23_40_03_extra.jpg,23_40_03,42
syd_2024-07-05_23_50_04_extra.jpg,23_50_04,41
syd_2024-07-05_23_58_03.jpg,23_58_03,58
syd_2024-08-16_21_00_03.jpg,21_00_03,7
syd_2024-08-16_21_10_03_extra.jpg,21_10_03,8
syd_2024-08-16_21_20_03_extra.jpg,21_20_03,6
syd_2024-08-16_21_30_03.jpg,21_30_03,14
syd_2024-08-16_21_40_03_extra.jpg,21_40_03,8
syd_2024-08-16_21_50_03_extra.jpg,21_50_03,9
syd_2024-08-16_22_00_03.jpg,22_00_03,6
syd_2024-08-16_22_10_03_extra.jpg,22_10_03,13
syd_2024-08-16_22_20_03_extra.jpg,22_20_03,12
syd_2024-08-16_22_30_03.jpg,22_30_03,12
syd_2024-08-16_22_40_03_extra.jpg,22_40_03,9
syd_2024-08-16_22_50_03_extra.jpg,22_50_03,13
syd_2024-08-16_23_00_03.jpg,23_00_03,15
syd_2024-08-16_23_10_04_extra.jpg,23_10_04,21
syd_2024-08-16_23_20_03_extra.jpg,23_20_03,19
syd_2024-08-16_23_30_03.jpg,23_30_03,18
syd_2024-08-16_23_40_03_extra.jpg,23_40_03,5
syd_2024-08-16_23_50_03_extra.jpg,23_50_03,15
syd_2024-08-16_23_58_03.jpg,23_58_03,8
syd_2024-08-19_21_00_03.jpg,21_00_03,4
syd_2024-08-19_21_10_03_extra.jpg,21_10_03,5
syd_2024-08-19_21_20_03_extra.jpg,21_20_03,4
syd_2024-08-19_21_30_03.jpg,21_30_03,8
syd_2024-08-19_21_40_03_extra.jpg,21_40_03,3
syd_2024-08-19_21_50_03_extra.jpg,21_50_03,5
syd_2024-08-19_22_00_03.jpg,22_00_03,8
syd_2024-08-19_22_10_03_extra.jpg,22_10_03,1
syd_2024-08-19_22_20_03_extra.jpg,22_20_03,4
syd_2024-08-19_22_30_03.jpg,22_30_03,4
syd_2024-08-19_22_40_03_extra.jpg,22_40_03,4
syd_2024-08-19_22_50_03_extra.jpg,22_50_03,7
syd_2024-08-19_23_00_03.jpg,23_00_03,7
syd_2024-08-19_23_10_03_extra.jpg,23_10_03,3
syd_2024-08-19_23_20_03_extra.jpg,23_20_03,5
syd_2024-08-19_23_30_04.jpg,23_30_04,3
syd_2024-08-19_23_40_03_extra.jpg,23_40_03,4
syd_2024-08-19_23_50_03_extra.jpg,23_50_03,3
syd_2024-08-19_23_58_03.jpg,23_58_03,5
syd_2024-08-21_21_00_03.jpg,21_00_03,4
syd_2024-08-21_21_10_03_extra.jpg,21_10_03,4
syd_2024-08-21_21_20_03_extra.jpg,21_20_03,5
syd_2024-08-21_21_30_03.jpg,21_30_03,5
syd_2024-08-21_21_40_03_extra.jpg,21_40_03,6
syd_2024-08-21_21_50_04_extra.jpg,21_50_04,6
syd_2024-08-21_22_00_03.jpg,22_00_03,5
syd_2024-08-21_22_10_04_extra.jpg,22_10_04,4
syd_2024-08-21_22_20_03_extra.jpg,22_20_03,4
syd_2024-08-21_22_30_03.jpg,22_30_03,7
syd_2024-08-21_22_40_04_extra.jpg,22_40_04,4
syd_2024-08-21_22_50_03_extra.jpg,22_50_03,4
syd_2024-08-21_23_00_03.jpg,23_00_03,6
syd_2024-08-21_23_10_03_extra.jpg,23_10_03,4
syd_2024-08-21_23_20_03_extra.jpg,23_20_03,6
syd_2024-08-21_23_30_03.jpg,23_30_03,6
syd_2024-08-21_23_40_03_extra.jpg,23_40_03,6
syd_2024-08-21_23_50_03_extra.jpg,23_50_03,6
syd_2024-08-21_23_58_03.jpg,23_58_03,5
syd_2024-08-23_21_00_04.jpg,21_00_04,6
syd_2024-08-23_21_10_03_extra.jpg,21_10_03,6
syd_2024-08-23_21_20_03_extra.jpg,21_20_03,6
syd_2024-08-23_21_30_03.jpg,21_30_03,8
syd_2024-08-23_21_40_03_extra.jpg,21_40_03,6
syd_2024-08-23_21_50_03_extra.jpg,21_50_03,5
syd_2024-08-23_22_00_03.jpg,22_00_03,8
syd_2024-08-23_22_10_03_extra.jpg,22_10_03,4
syd_2024-08-23_22_20_03_extra.jpg,22_20_03,6
syd_2024-08-23_22_30_03.jpg,22_30_03,5
syd_2024-08-23_22_40_03_extra.jpg,22_40_03,5
syd_2024-08-23_22_50_03_extra.jpg,22_50_03,5
syd_2024-08-23_23_00_03.jpg,23_00_03,15
syd_2024-08-23_23_10_04_extra.jpg,23_10_04,9
syd_2024-08-23_23_20_03_extra.jpg,23_20_03,12
syd_2024-08-23_23_30_03.jpg,23_30_03,6
syd_2024-08-23_23_40_03_extra.jpg,23_40_03,16
syd_2024-08-23_23_50_03_extra.jpg,23_50_03,11
syd_2024-08-23_23_58_03.jpg,23_58_03,10
syd_2024-08-26_21_00_03.jpg,21_00_03,7
syd_2024-08-26_21_10_03_extra.jpg,21_10_03,6
syd_2024-08-26_21_20_03_extra.jpg,21_20_03,7
syd_2024-08-26_21_30_03.jpg,21_30_03,8
syd_2024-08-26_21_40_03_extra.jpg,21_40_03,6
syd_2024-08-26_21_50_03_extra.jpg,21_50_03,5
syd_2024-08-26_22_00_03.jpg,22_00_03,9
syd_2024-08-26_22_10_03_extra.jpg,22_10_03,7
syd_2024-08-26_22_20_03_extra.jpg,22_20_03,6
syd_2024-08-26_22_30_03.jpg,22_30_03,8
syd_2024-08-26_22_40_04_extra.jpg,22_40_04,9
syd_2024-08-26_22_50_03_extra.jpg,22_50_03,5
syd_2024-08-26_23_00_03.jpg,23_00_03,6
syd_2024-08-26_23_10_03_extra.jpg,23_10_03,8
syd_2024-08-26_23_20_03_extra.jpg,23_20_03,6
syd_2024-08-26_23_30_03.jpg,23_30_03,4
syd_2024-08-26_23_40_04_extra.jpg,23_40_04,6
syd_2024-08-26_23_50_03_extra.jpg,23_50_03,7
syd_2024-08-26_23_58_03.jpg,23_58_03,6
syd_2024-08-28_21_00_03.jpg,21_00_03,13
syd_2024-08-28_21_10_03_extra.jpg,21_10_03,16
syd_2024-08-28_21_20_04_extra.jpg,21_20_04,6
syd_2024-08-28_21_30_03.jpg,21_30_03,18
syd_2024-08-28_21_40_03_extra.jpg,21_40_03,10
syd_2024-08-28_21_50_03_extra.jpg,21_50_03,16
syd_2024-08-28_22_00_03.jpg,22_00_03,9
syd_2024-08-28_22_10_03_extra.jpg,22_10_03,8
syd_2024-08-28_22_20_03_extra.jpg,22_20_03,12
syd_2024-08-28_22_30_03.jpg,22_30_03,15
syd_2024-08-28_22_40_03_extra.jpg,22_40_03,14
syd_2024-08-28_22_50_03_extra.jpg,22_50_03,10
syd_2024-08-28_23_00_03.jpg,23_00_03,6
syd_2024-08-28_23_10_03_extra.jpg,23_10_03,11
syd_2024-08-28_23_20_04_extra.jpg,23_20_04,8
syd_2024-08-28_23_30_03.jpg,23_30_03,12
syd_2024-08-28_23_40_03_extra.jpg,23_40_03,15
syd_2024-08-28_23_50_03_extra.jpg,23_50_03,14
syd_2024-08-28_23_58_03.jpg,23_58_03,10
syd_2024-08-30_21_00_03.jpg,21_00_03,3
syd_2024-08-30_21_10_03_extra.jpg,21_10_03,7
syd_2024-08-30_21_20_03_extra.jpg,21_20_03,4
syd_2024-08-30_21_30_03.jpg,21_30_03,7
syd_2024-08-30_21_40_03_extra.jpg,21_40_03,5
syd_2024-08-30_21_50_03_extra.jpg,21_50_03,8
syd_2024-08-30_22_00_03.jpg,22_00_03,5
syd_2024-08-30_22_10_03_extra.jpg,22_10_03,12
syd_2024-08-30_22_20_03_extra.jpg,22_20_03,13
syd_2024-08-30_22_30_03.jpg,22_30_03,5
syd_2024-08-30_22_40_03_extra.jpg,22_40_03,10
syd_2024-08-30_22_50_03_extra.jpg,22_50_03,7
syd_2024-08-30_23_00_03.jpg,23_00_03,17
syd_2024-08-30_23_10_03_extra.jpg,23_10_03,8
syd_2024-08-30_23_20_03_extra.jpg,23_20_03,13
syd_2024-08-30_23_30_03.jpg,23_30_03,22
syd_2024-08-30_23_40_03_extra.jpg,23_40_03,15
syd_2024-08-30_23_50_03_extra.jpg,23_50_03,20
syd_2024-08-30_23_58_03.jpg,23_58_03,21
syd_2024-09-02_21_00_03.jpg,21_00_03,5
syd_2024-09-02_21_10_03_extra.jpg,21_10_03,5
syd_2024-09-02_21_20_03_extra.jpg,21_20_03,5
syd_2024-09-02_21_30_03.jpg,21_30_03,4
syd_2024-09-02_21_40_03_extra.jpg,21_40_03,5
syd_2024-09-02_21_50_03_extra.jpg,21_50_03,5
syd_2024-09-02_22_00_03.jpg,22_00_03,8
syd_2024-09-02_22_10_03_extra.jpg,22_10_03,15
syd_2024-09-02_22_20_03_extra.jpg,22_20_03,12
syd_2024-09-02_22_30_03.jpg,22_30_03,5
syd_2024-09-02_22_40_03_extra.jpg,22_40_03,13
syd_2024-09-02_22_50_03_extra.jpg,22_50_03,9
syd_2024-09-02_23_00_03.jpg,23_00_03,5
syd_2024-09-02_23_10_03_extra.jpg,23_10_03,9
syd_2024-09-02_23_20_03_extra.jpg,23_20_03,10
syd_2024-09-02_23_30_03.jpg,23_30_03,8
syd_2024-09-02_23_40_03_extra.jpg,23_40_03,12
syd_2024-09-02_23_50_03_extra.jpg,23_50_03,10
syd_2024-09-02_23_58_03.jpg,23_58_03,2
syd_2024-09-04_21_00_03.jpg,21_00_03,6
syd_2024-09-04_21_10_03_extra.jpg,21_10_03,3
syd_2024-09-04_21_20_03_extra.jpg,21_20_03,2
syd_2024-09-04_21_30_03.jpg,21_30_03,4
syd_2024-09-04_21_40_04_extra.jpg,21_40_04,6
syd_2024-09-04_21_50_03_extra.jpg,21_50_03,10
syd_2024-09-04_22_00_03.jpg,22_00_03,9
syd_2024-09-04_22_10_03_extra.jpg,22_10_03,6
syd_2024-09-04_22_20_03_extra.jpg,22_20_03,13
syd_2024-09-04_22_30_03.jpg,22_30_03,9
syd_2024-09-04_22_40_03_extra.jpg,22_40_03,9
syd_2024-09-04_22_50_03_extra.jpg,22_50_03,10
syd_2024-09-04_23_00_03.jpg,23_00_03,9
syd_2024-09-04_23_10_03_extra.jpg,23_10_03,9
syd_2024-09-04_23_20_04_extra.jpg,23_20_04,8
syd_2024-09-04_23_30_03.jpg,23_30_03,11
syd_2024-09-04_23_40_03_extra.jpg,23_40_03,9
syd_2024-09-04_23_50_03_extra.jpg,23_50_03,14
syd_2024-09-04_23_58_03.jpg,23_58_03,15
syd_2024-09-06_21_00_03.jpg,21_00_03,5
syd_2024-09-06_21_10_03_extra.jpg,21_10_03,7
syd_2024-09-06_21_20_03_extra.jpg,21_20_03,13
syd_2024-09-06_21_30_03.jpg,21_30_03,7
syd_2024-09-06_21_40_03_extra.jpg,21_40_03,4
syd_2024-09-06_21_50_03_extra.jpg,21_50_03,5
syd_2024-09-06_22_00_03.jpg,22_00_03,4
syd_2024-09-06_22_10_03_extra.jpg,22_10_03,5
syd_2024-09-06_22_20_03_extra.jpg,22_20_03,5
syd_2024-09-06_22_30_03.jpg,22_30_03,4
syd_2024-09-06_22_40_03_extra.jpg,22_40_03,3
syd_2024-09-06_22_50_03_extra.jpg,22_50_03,3
syd_2024-09-06_23_00_03.jpg,23_00_03,6
syd_2024-09-06_23_10_03_extra.jpg,23_10_03,7
syd_2024-09-06_23_20_03_extra.jpg,23_20_03,9
syd_2024-09-06_23_30_03.jpg,23_30_03,4
syd_2024-09-06_23_40_03_extra.jpg,23_40_03,8
syd_2024-09-06_23_50_03_extra.jpg,23_50_03,8
syd_2024-09-06_23_58_03.jpg,23_58_03,9
syd_2024-09-11_21_00_04.jpg,21_00_04,6
syd_2024-09-11_21_10_03_extra.jpg,21_10_03,10
syd_2024-09-11_21_20_03_extra.jpg,21_20_03,10
syd_2024-09-11_21_30_03.jpg,21_30_03,9
syd_2024-09-11_21_40_03_extra.jpg,21_40_03,9
syd_2024-09-11_21_50_03_extra.jpg,21_50_03,9
syd_2024-09-11_22_00_03.jpg,22_00_03,15
syd_2024-09-11_22_10_04_extra.jpg,22_10_04,15
syd_2024-09-11_22_20_03_extra.jpg,22_20_03,12
syd_2024-09-11_22_30_03.jpg,22_30_03,11
syd_2024-09-11_22_40_03_extra.jpg,22_40_03,13
syd_2024-09-11_22_50_03_extra.jpg,22_50_03,18
syd_2024-09-11_23_00_03.jpg,23_00_03,13
syd_2024-09-11_23_10_03_extra.jpg,23_10_03,11
syd_2024-09-11_23_20_03_extra.jpg,23_20_03,16
syd_2024-09-11_23_30_04.jpg,23_30_04,9
syd_2024-09-11_23_40_03_extra.jpg,23_40_03,11
syd_2024-09-11_23_50_03_extra.jpg,23_50_03,6
syd_2024-09-11_23_58_03.jpg,23_58_03,12
syd_2024-09-13_21_00_04.jpg,21_00_04,5
syd_2024-09-13_21_10_03_extra.jpg,21_10_03,3
syd_2024-09-13_21_20_03_extra.jpg,21_20_03,5
syd_2024-09-13_21_30_03.jpg,21_30_03,5
syd_2024-09-13_21_40_03_extra.jpg,21_40_03,4
syd_2024-09-13_21_50_03_extra.jpg,21_50_03,8
syd_2024-09-13_22_00_03.jpg,22_00_03,5
syd_2024-09-13_22_10_03_extra.jpg,22_10_03,6
syd_2024-09-13_22_20_03_extra.jpg,22_20_03,8
syd_2024-09-13_22_30_03.jpg,22_30_03,10
syd_2024-09-13_22_40_03_extra.jpg,22_40_03,8
syd_2024-09-13_22_50_03_extra.jpg,22_50_03,7
syd_2024-09-13_23_00_03.jpg,23_00_03,5
syd_2024-09-13_23_10_03_extra.jpg,23_10_03,9
syd_2024-09-13_23_20_03_extra.jpg,23_20_03,8
syd_2024-09-13_23_30_03.jpg,23_30_03,7
syd_2024-09-13_23_40_03_extra.jpg,23_40_03,7
syd_2024-09-13_23_50_03_extra.jpg,23_50_03,5
syd_2024-09-13_23_58_03.jpg,23_58_03,5
syd_2024-09-16_21_00_03.jpg,21_00_03,6
syd_2024-09-16_21_10_03_extra.jpg,21_10_03,3
syd_2024-09-16_21_20_03_extra.jpg,21_20_03,1
syd_2024-09-16_21_30_03.jpg,21_30_03,6
syd_2024-09-16_21_40_03_extra.jpg,21_40_03,6
syd_2024-09-16_21_50_03_extra.jpg,21_50_03,7
syd_2024-09-16_22_00_03.jpg,22_00_03,7
syd_2024-09-16_22_10_03_extra.jpg,22_10_03,6
syd_2024-09-16_22_20_03_extra.jpg,22_20_03,1
syd_2024-09-16_22_30_03.jpg,22_30_03,11
syd_2024-09-16_22_40_03_extra.jpg,22_40_03,7
syd_2024-09-16_22_50_03_extra.jpg,22_50_03,9
syd_2024-09-16_23_00_04.jpg,23_00_04,7
syd_2024-09-16_23_10_03_extra.jpg,23_10_03,8
syd_2024-09-16_23_20_03_extra.jpg,23_20_03,4
syd_2024-09-16_23_30_03.jpg,23_30_03,2
syd_2024-09-16_23_40_03_extra.jpg,23_40_03,7
syd_2024-09-16_23_50_03_extra.jpg,23_50_03,8
syd_2024-09-16_23_58_04.jpg,23_58_04,9
syd_2024-09-18_21_00_03.jpg,21_00_03,1
syd_2024-09-18_21_10_03_extra.jpg,21_10_03,2
syd_2024-09-18_21_20_03_extra.jpg,21_20_03,5
syd_2024-09-18_21_30_03.jpg,21_30_03,3
syd_2024-09-18_21_40_03_extra.jpg,21_40_03,4
syd_2024-09-18_21_50_03_extra.jpg,21_50_03,2
syd_2024-09-18_22_00_03.jpg,22_00_03,2
syd_2024-09-18_22_10_03_extra.jpg,22_10_03,2
syd_2024-09-18_22_20_03_extra.jpg,22_20_03,2
syd_2024-09-18_22_30_03.jpg,22_30_03,4
syd_2024-09-18_22_40_03_extra.jpg,22_40_03,4
syd_2024-09-18_22_50_03_extra.jpg,22_50_03,6
syd_2024-09-18_23_00_03.jpg,23_00_03,3
syd_2024-09-18_23_10_03_extra.jpg,23_10_03,6
syd_2024-09-18_23_20_03_extra.jpg,23_20_03,3
syd_2024-09-18_23_30_03.jpg,23_30_03,7
syd_2024-09-18_23_40_03_extra.jpg,23_40_03,4
syd_2024-09-18_23_50_03_extra.jpg,23_50_03,9
syd_2024-09-18_23_58_03.jpg,23_58_03,10
syd_2024-09-20_21_00_04.jpg,21_00_04,7
syd_2024-09-20_21_10_03_extra.jpg,21_10_03,7
syd_2024-09-20_21_20_03_extra.jpg,21_20_03,7
syd_2024-09-20_21_30_03.jpg,21_30_03,2
syd_2024-09-20_21_40_03_extra.jpg,21_40_03,9
syd_2024-09-20_21_50_03_extra.jpg,21_50_03,8
syd_2024-09-20_22_00_03.jpg,22_00_03,1
syd_2024-09-20_22_10_03_extra.jpg,22_10_03,12
syd_2024-09-20_22_20_03_extra.jpg,22_20_03,3
syd_2024-09-20_22_30_03.jpg,22_30_03,6
syd_2024-09-20_22_40_03_extra.jpg,22_40_03,8
syd_2024-09-20_22_50_03_extra.jpg,22_50_03,10
syd_2024-09-20_23_00_04.jpg,23_00_04,15
syd_2024-09-20_23_10_03_extra.jpg,23_10_03,8
syd_2024-09-20_23_20_03_extra.jpg,23_20_03,12
syd_2024-09-20_23_30_03.jpg,23_30_03,7
syd_2024-09-20_23_40_03_extra.jpg,23_40_03,8
syd_2024-09-20_23_50_03_extra.jpg,23_50_03,5
syd_2024-09-20_23_58_03.jpg,23_58_03,9
syd_2024-09-23_21_00_04.jpg,21_00_04,5
syd_2024-09-23_21_10_03_extra.jpg,21_10_03,4
syd_2024-09-23_21_20_03_extra.jpg,21_20_03,3
syd_2024-09-23_21_30_04.jpg,21_30_04,3
syd_2024-09-23_21_40_03_extra.jpg,21_40_03,3
syd_2024-09-23_21_50_03_extra.jpg,21_50_03,4
syd_2024-09-23_22_00_04.jpg,22_00_04,5
syd_2024-09-23_22_10_04_extra.jpg,22_10_04,5
syd_2024-09-23_22_20_03_extra.jpg,22_20_03,5
syd_2024-09-23_22_30_03.jpg,22_30_03,5
syd_2024-09-23_22_40_03_extra.jpg,22_40_03,6
syd_2024-09-23_22_50_03_extra.jpg,22_50_03,3
syd_2024-09-23_23_00_03.jpg,23_00_03,6
syd_2024-09-23_23_10_04_extra.jpg,23_10_04,6
syd_2024-09-23_23_20_03_extra.jpg,23_20_03,3
syd_2024-09-23_23_30_03.jpg,23_30_03,4
syd_2024-09-23_23_40_04_extra.jpg,23_40_04,6
syd_2024-09-23_23_50_03_extra.jpg,23_50_03,5
syd_2024-09-23_23_58_03.jpg,23_58_03,8
syd_2024-09-25_21_00_03.jpg,21_00_03,9
syd_2024-09-25_21_10_03_extra.jpg,21_10_03,6
syd_2024-09-25_21_20_03_extra.jpg,21_20_03,3
syd_2024-09-25_21_30_03.jpg,21_30_03,8
syd_2024-09-25_21_40_03_extra.jpg,21_40_03,8
syd_2024-09-25_21_50_04_extra.jpg,21_50_04,9
syd_2024-09-25_22_00_03.jpg,22_00_03,17
syd_2024-09-25_22_10_03_extra.jpg,22_10_03,16
syd_2024-09-25_22_20_03_extra.jpg,22_20_03,6
syd_2024-09-25_22_30_03.jpg,22_30_03,5
syd_2024-09-25_22_40_03_extra.jpg,22_40_03,12
syd_2024-09-25_22_50_03_extra.jpg,22_50_03,13
syd_2024-09-25_23_00_03.jpg,23_00_03,12
syd_2024-09-25_23_10_03_extra.jpg,23_10_03,13
syd_2024-09-25_23_20_03_extra.jpg,23_20_03,8
syd_2024-09-25_23_30_03.jpg,23_30_03,4
syd_2024-09-25_23_40_03_extra.jpg,23_40_03,11
syd_2024-09-25_23_50_03_extra.jpg,23_50_03,17
syd_2024-09-25_23_58_03.jpg,23_58_03,6
syd_2024-09-27_21_00_03.jpg,21_00_03,6
syd_2024-09-27_21_10_03_extra.jpg,21_10_03,3
syd_2024-09-27_21_20_03_extra.jpg,21_20_03,4
syd_2024-09-27_21_30_03.jpg,21_30_03,3
syd_2024-09-27_21_40_03_extra.jpg,21_40_03,5
syd_2024-09-27_21_50_03_extra.jpg,21_50_03,5
syd_2024-09-27_22_00_03.jpg,22_00_03,4
syd_2024-09-27_22_10_03_extra.jpg,22_10_03,2
syd_2024-09-27_22_20_03_extra.jpg,22_20_03,3
syd_2024-09-27_22_30_04.jpg,22_30_04,2
syd_2024-09-27_22_40_04_extra.jpg,22_40_04,9
syd_2024-09-27_22_50_03_extra.jpg,22_50_03,11
syd_2024-09-27_23_00_03.jpg,23_00_03,7
syd_2024-09-27_23_10_03_extra.jpg,23_10_03,4
syd_2024-09-27_23_20_03_extra.jpg,23_20_03,3
syd_2024-09-27_23_30_03.jpg,23_30_03,6
syd_2024-09-27_23_40_03_extra.jpg,23_40_03,4
syd_2024-09-27_23_50_03_extra.jpg,23_50_03,7
syd_2024-09-27_23_58_03.jpg,23_58_03,5
syd_2024-09-30_21_00_03.jpg,21_00_03,6
syd_2024-09-30_21_10_03_extra.jpg,21_10_03,5
syd_2024-09-30_21_20_03_extra.jpg,21_20_03,2
syd_2024-09-30_21_30_03.jpg,21_30_03,6
syd_2024-09-30_21_40_03_extra.jpg,21_40_03,5
syd_2024-09-30_21_50_03_extra.jpg,21_50_03,3
syd_2024-09-30_22_00_03.jpg,22_00_03,2
syd_2024-09-30_22_10_03_extra.jpg,22_10_03,6
syd_2024-09-30_22_20_03_extra.jpg,22_20_03,6
syd_2024-09-30_22_30_03.jpg,22_30_03,6
syd_2024-09-30_22_40_03_extra.jpg,22_40_03,5
syd_2024-09-30_22_50_03_extra.jpg,22_50_03,2
syd_2024-09-30_23_00_03.jpg,23_00_03,6
syd_2024-09-30_23_10_03_extra.jpg,23_10_03,6
syd_2024-09-30_23_20_03_extra.jpg,23_20_03,5
syd_2024-09-30_23_30_03.jpg,23_30_03,6
syd_2024-09-30_23_40_03_extra.jpg,23_40_03,6
syd_2024-09-30_23_50_03_extra.jpg,23_50_03,6
syd_2024-09-30_23_58_03.jpg,23_58_03,4
syd_2024-10-02_21_00_03.jpg,21_00_03,2
syd_2024-10-02_21_10_03_extra.jpg,21_10_03,5
syd_2024-10-02_21_20_03_extra.jpg,21_20_03,5
syd_2024-10-02_21_30_03.jpg,21_30_03,2
syd_2024-10-02_21_40_03_extra.jpg,21_40_03,2
syd_2024-10-02_21_50_03_extra.jpg,21_50_03,2
syd_2024-10-02_22_00_03.jpg,22_00_03,5
syd_2024-10-02_22_10_03_extra.jpg,22_10_03,2
syd_2024-10-02_22_20_03_extra.jpg,22_20_03,4
syd_2024-10-02_22_30_03.jpg,22_30_03,5
syd_2024-10-02_22_40_03_extra.jpg,22_40_03,1
syd_2024-10-02_22_50_04_extra.jpg,22_50_04,3
syd_2024-10-02_23_00_03.jpg,23_00_03,3
syd_2024-10-02_23_10_03_extra.jpg,23_10_03,3
syd_2024-10-02_23_20_03_extra.jpg,23_20_03,4
syd_2024-10-02_23_30_03.jpg,23_30_03,2
syd_2024-10-02_23_40_03_extra.jpg,23_40_03,2
syd_2024-10-02_23_50_04_extra.jpg,23_50_04,4
syd_2024-10-02_23_58_03.jpg,23_58_03,4
syd_2024-10-04_21_00_02.jpg,21_00_02,2
syd_2024-10-04_21_10_03_extra.jpg,21_10_03,4
syd_2024-10-04_21_20_03_extra.jpg,21_20_03,4
syd_2024-10-04_21_30_03.jpg,21_30_03,1
syd_2024-10-04_21_40_04_extra.jpg,21_40_04,3
syd_2024-10-04_21_50_03_extra.jpg,21_50_03,5
syd_2024-10-04_22_00_03.jpg,22_00_03,3
syd_2024-10-04_22_10_03_extra.jpg,22_10_03,5
syd_2024-10-04_22_20_03_extra.jpg,22_20_03,5
syd_2024-10-04_22_30_03.jpg,22_30_03,4
syd_2024-10-04_22_40_03_extra.jpg,22_40_03,5
syd_2024-10-04_22_50_03_extra.jpg,22_50_03,6
syd_2024-10-04_23_00_04.jpg,23_00_04,8
syd_2024-10-04_23_10_03_extra.jpg,23_10_03,10
syd_2024-10-04_23_20_04_extra.jpg,23_20_04,6
syd_2024-10-04_23_30_03.jpg,23_30_03,6
syd_2024-10-04_23_40_03_extra.jpg,23_40_03,6
syd_2024-10-04_23_50_03_extra.jpg,23_50_03,6
syd_2024-10-04_23_58_04.jpg,23_58_04,10
syd_2024-10-07_21_00_03.jpg,21_00_03,1
syd_2024-10-07_21_10_03_extra.jpg,21_10_03,1
syd_2024-10-07_21_20_04_extra.jpg,21_20_04,1
syd_2024-10-07_21_30_03.jpg,21_30_03,3
syd_2024-10-07_21_40_03_extra.jpg,21_40_03,3
syd_2024-10-07_21_50_03_extra.jpg,21_50_03,3
syd_2024-10-07_22_00_03.jpg,22_00_03,4
syd_2024-10-07_22_10_03_extra.jpg,22_10_03,3
syd_2024-10-07_22_20_03_extra.jpg,22_20_03,3
syd_2024-10-07_22_30_03.jpg,22_30_03,2
syd_2024-10-07_22_40_03_extra.jpg,22_40_03,3
syd_2024-10-07_22_50_04_extra.jpg,22_50_04,4
syd_2024-10-07_23_00_03.jpg,23_00_03,1
syd_2024-10-07_23_10_03_extra.jpg,23_10_03,3
syd_2024-10-07_23_20_03_extra.jpg,23_20_03,3
syd_2024-10-07_23_30_03.jpg,23_30_03,3
syd_2024-10-07_23_40_03_extra.jpg,23_40_03,4
syd_2024-10-07_23_50_03_extra.jpg,23_50_03,2
syd_2024-10-07_23_58_03.jpg,23_58_03,1
syd_2024-10-09_21_00_04.jpg,21_00_04,1
syd_2024-10-09_21_10_03_extra.jpg,21_10_03,2
syd_2024-10-09_21_20_03_extra.jpg,21_20_03,2
syd_2024-10-09_21_30_03.jpg,21_30_03,2
syd_2024-10-09_21_40_03_extra.jpg,21_40_03,2
syd_2024-10-09_21_50_03_extra.jpg,21_50_03,4
syd_2024-10-09_22_00_03.jpg,22_00_03,2
syd_2024-10-09_22_10_03_extra.jpg,22_10_03,4
syd_2024-10-09_22_20_03_extra.jpg,22_20_03,3
syd_2024-10-09_22_30_03.jpg,22_30_03,2
syd_2024-10-09_22_40_03_extra.jpg,22_40_03,3
syd_2024-10-09_22_50_03_extra.jpg,22_50_03,2
syd_2024-10-09_23_00_03.jpg,23_00_03,3
syd_2024-10-09_23_10_03_extra.jpg,23_10_03,2
syd_2024-10-09_23_20_03_extra.jpg,23_20_03,3
syd_2024-10-09_23_30_03.jpg,23_30_03,3
syd_2024-10-09_23_40_03_extra.jpg,23_40_03,2
syd_2024-10-09_23_50_03_extra.jpg,23_50_03,2
syd_2024-10-09_23_58_03.jpg,23_58_03,1
syd_2024-10-11_21_00_03.jpg,21_00_03,2
syd_2024-10-11_21_10_03_extra.jpg,21_10_03,6
syd_2024-10-11_21_20_03_extra.jpg,21_20_03,5
syd_2024-10-11_21_30_04.jpg,21_30_04,2
syd_2024-10-11_21_40_03_extra.jpg,21_40_03,2
syd_2024-10-11_21_50_03_extra.jpg,21_50_03,4
syd_2024-10-11_22_00_03.jpg,22_00_03,3
syd_2024-10-11_22_10_03_extra.jpg,22_10_03,4
syd_2024-10-11_22_20_03_extra.jpg,22_20_03,2
syd_2024-10-11_22_30_03.jpg,22_30_03,2
syd_2024-10-11_22_40_03_extra.jpg,22_40_03,3
syd_2024-10-11_22_50_03_extra.jpg,22_50_03,6
syd_2024-10-11_23_00_03.jpg,23_00_03,3
syd_2024-10-11_23_10_03_extra.jpg,23_10_03,3
syd_2024-10-11_23_20_03_extra.jpg,23_20_03,4
syd_2024-10-11_23_30_03.jpg,23_30_03,3
syd_2024-10-11_23_40_03_extra.jpg,23_40_03,2
syd_2024-10-11_23_50_03_extra.jpg,23_50_03,6
syd_2024-10-11_23_58_03.jpg,23_58_03,4
syd_2024-10-14_21_00_03.jpg,21_00_03,3
syd_2024-10-14_21_10_03_extra.jpg,21_10_03,4
syd_2024-10-14_21_20_03_extra.jpg,21_20_03,3
syd_2024-10-14_21_30_03.jpg,21_30_03,3
syd_2024-10-14_21_40_03_extra.jpg,21_40_03,5
syd_2024-10-14_21_50_03_extra.jpg,21_50_03,4
syd_2024-10-14_22_00_03.jpg,22_00_03,7
syd_2024-10-14_22_10_03_extra.jpg,22_10_03,4
syd_2024-10-14_22_20_03_extra.jpg,22_20_03,4
syd_2024-10-14_22_30_03.jpg,22_30_03,4
syd_2024-10-14_22_40_03_extra.jpg,22_40_03,10
syd_2024-10-14_22_50_03_extra.jpg,22_50_03,4
syd_2024-10-14_23_00_03.jpg,23_00_03,4
syd_2024-10-14_23_10_03_extra.jpg,23_10_03,4
syd_2024-10-14_23_20_03_extra.jpg,23_20_03,4
syd_2024-10-14_23_30_03.jpg,23_30_03,4
syd_2024-10-14_23_40_03_extra.jpg,23_40_03,4
syd_2024-10-14_23_50_03_extra.jpg,23_50_03,4
syd_2024-10-14_23_58_03.jpg,23_58_03,4
syd_2024-10-16_21_00_03.jpg,21_00_03,5
syd_2024-10-16_21_10_03_extra.jpg,21_10_03,4
syd_2024-10-16_21_20_03_extra.jpg,21_20_03,4
syd_2024-10-16_21_30_03.jpg,21_30_03,4
syd_2024-10-16_21_40_03_extra.jpg,21_40_03,4
syd_2024-10-16_21_50_03_extra.jpg,21_50_03,5
syd_2024-10-16_22_00_03.jpg,22_00_03,4
syd_2024-10-16_22_10_03_extra.jpg,22_10_03,4
syd_2024-10-16_22_20_03_extra.jpg,22_20_03,4
syd_2024-10-16_22_30_03.jpg,22_30_03,5
syd_2024-10-16_22_40_03_extra.jpg,22_40_03,4
syd_2024-10-16_22_50_03_extra.jpg,22_50_03,4
syd_2024-10-16_23_00_03.jpg,23_00_03,4
syd_2024-10-16_23_10_03_extra.jpg,23_10_03,4
syd_2024-10-16_23_20_03_extra.jpg,23_20_03,4
syd_2024-10-16_23_30_03.jpg,23_30_03,4
syd_2024-10-16_23_40_03_extra.jpg,23_40_03,4
syd_2024-10-16_23_50_03_extra.jpg,23_50_03,4
syd_2024-10-16_23_58_03.jpg,23_58_03,4
syd_2024-10-18_21_00_03.jpg,21_00_03,6
syd_2024-10-18_21_10_03_extra.jpg,21_10_03,5
syd_2024-10-18_21_20_03_extra.jpg,21_20_03,6
syd_2024-10-18_21_30_03.jpg,21_30_03,5
syd_2024-10-18_21_40_03_extra.jpg,21_40_03,5
syd_2024-10-18_21_50_04_extra.jpg,21_50_04,7
syd_2024-10-18_22_00_03.jpg,22_00_03,7
syd_2024-10-18_22_10_03_extra.jpg,22_10_03,5
syd_2024-10-18_22_20_03_extra.jpg,22_20_03,4
syd_2024-10-18_22_30_03.jpg,22_30_03,4
syd_2024-10-18_22_40_03_extra.jpg,22_40_03,3
syd_2024-10-18_22_50_03_extra.jpg,22_50_03,4
syd_2024-10-18_23_00_03.jpg,23_00_03,4
syd_2024-10-18_23_10_03_extra.jpg,23_10_03,4
syd_2024-10-18_23_20_03_extra.jpg,23_20_03,2
syd_2024-10-18_23_30_03.jpg,23_30_03,6
syd_2024-10-18_23_40_03_extra.jpg,23_40_03,3
syd_2024-10-18_23_50_03_extra.jpg,23_50_03,3
syd_2024-10-18_23_58_04.jpg,23_58_04,4
syd_2024-10-21_21_00_02.jpg,21_00_02,7
syd_2024-10-21_21_10_03_extra.jpg,21_10_03,9
syd_2024-10-21_21_20_03_extra.jpg,21_20_03,7
syd_2024-10-21_21_30_03.jpg,21_30_03,8
syd_2024-10-21_21_40_03_extra.jpg,21_40_03,7
syd_2024-10-21_21_50_03_extra.jpg,21_50_03,4
syd_2024-10-21_22_00_03.jpg,22_00_03,6
syd_2024-10-21_22_10_04_extra.jpg,22_10_04,5
syd_2024-10-21_22_20_03_extra.jpg,22_20_03,4
syd_2024-10-21_22_30_03.jpg,22_30_03,5
syd_2024-10-21_22_40_03_extra.jpg,22_40_03,3
syd_2024-10-21_22_50_03_extra.jpg,22_50_03,8
syd_2024-10-21_23_00_04.jpg,23_00_04,4
syd_2024-10-21_23_10_03_extra.jpg,23_10_03,5
syd_2024-10-21_23_20_03_extra.jpg,23_20_03,3
syd_2024-10-21_23_30_03.jpg,23_30_03,4
syd_2024-10-21_23_40_03_extra.jpg,23_40_03,7
syd_2024-10-21_23_50_03_extra.jpg,23_50_03,7
syd_2024-10-21_23_58_03.jpg,23_58_03,8
